id,conversation_id,created_at,date,time,timezone,user_id,username,name,place,tweet,mentions,urls,photos,replies_count,retweets_count,likes_count,hashtags,cashtags,link,retweet,quote_url,video,near,geo,source,user_rt_id,user_rt,retweet_id,reply_to,retweet_date,translate,trans_src,trans_dest
1248796597162573824,1248796597162573824,1586571284000,2020-04-10,23:14:44,-03,80193876,indagacao,Indaga√ß√£o,,"(IFCE 2020) Na √©poca imediata p√≥s-emancipa√ß√£o um s√°bio dito popular circulou pelas ruas do Rio de Janeiro: ‚ÄúA liberdade √© negra, mas a igualdade √© branca‚Äù.  https://www.indagacao.com.br/2020/04/ifce-2020-na-epoca-imediata-pos-emancipacao-um-sabio-dito-popular-circulou-pelas-ruas-do-rio-de-janeiro.html?spref=tw¬†‚Ä¶",[],['https://www.indagacao.com.br/2020/04/ifce-2020-na-epoca-imediata-pos-emancipacao-um-sabio-dito-popular-circulou-pelas-ruas-do-rio-de-janeiro.html?spref=tw'],[],0,0,0,[],[],https://twitter.com/indagacao/status/1248796597162573824,False,,0,,,,,,,"[{'user_id': '80193876', 'username': 'indagacao'}]",,,,
1247113484480937989,1247096949876162562,1586169999000,2020-04-06,07:46:39,-03,728849329,chikdarm,Arthur Pereira,,"A influencia na imagem, o mesti√ßo como progresso no vestu√°rio, apar√™ncia, educacao,intelig√™ncia. E a madame vista como uma colhedora de algod√£o mesmo c as mais finas roupas. E como vai refletir na mobilidade  social e hist social do trabalho e cultura p√≥s-emancipa√ß√£o",['howareubea'],[],[],1,0,2,[],[],https://twitter.com/chikdarm/status/1247113484480937989,False,,0,,,,,,,"[{'user_id': '728849329', 'username': 'chikdarm'}, {'user_id': '96395074', 'username': 'howareubea'}]",,,,
1221883814848409600,1221883814848409600,1580154777000,2020-01-27,16:52:57,-03,140231339,valeriacosta79,Val√©ria Costa,,III Encontro do Laborat√≥rio de Estudos de Hist√≥ria das Religi√µes. Inscrevam-se ST 3 - Religi√µes Negras no Brasil da escravid√£o a p√≥s-emancipa√ß√£o  https://encontrodolehr.webnode.com/¬†,[],['https://encontrodolehr.webnode.com/'],[],0,0,0,[],[],https://twitter.com/valeriacosta79/status/1221883814848409600,False,,0,,,,,,,"[{'user_id': '140231339', 'username': 'valeriacosta79'}]",,,,
1207359641069469697,1207359634174074880,1576691944000,2019-12-18,14:59:04,-03,116246892,silvioli,Silvio Lima,,"assim como estudos sobre a ra√ßa e racismo, concep√ß√µes e pr√°ticas higienistas, ci√™ncia e desenvolvimento cient√≠fico, eugenia e suas concep√ß√µes sobre o negro, sa√∫de e doen√ßas da popula√ß√£o negra no p√≥s-Emancipa√ß√£o.
Inscreve l√° seu trabalho! Vamos debater pessoal!",[],[],[],0,0,0,[],[],https://twitter.com/silvioli/status/1207359641069469697,False,,0,,,,,,,"[{'user_id': '116246892', 'username': 'silvioli'}]",,,,
1207359636661297153,1207359634174074880,1576691943000,2019-12-18,14:59:03,-03,116246892,silvioli,Silvio Lima,,"Este Simp√≥sio Tem√°tico tem como objetivo reunir trabalhos que discutam ra√ßa, ci√™ncia e sa√∫de durante os contextos da Escravid√£o e do p√≥s-Emancipa√ß√£o em uma perspectiva hist√≥rica.",[],[],[],1,0,0,[],[],https://twitter.com/silvioli/status/1207359636661297153,False,,0,,,,,,,"[{'user_id': '116246892', 'username': 'silvioli'}]",,,,
1206957970736717825,1206957970736717825,1576596179000,2019-12-17,12:22:59,-03,166712612,paulodiop1,Paulo Roberto,,"Carlos Alberto Medeiros apresentou-se para qualificar sua tese de doutoramento "" Entre olhares transversais: uma hist√≥ria comparada sobre ra√ßa, cidadania e p√≥s-emancipa√ß√£o. (Brasil,EUA - s√©culo xx). No...  https://www.facebook.com/100003848371413/posts/1543327012472230/¬†‚Ä¶",[],['https://www.facebook.com/100003848371413/posts/1543327012472230/'],[],0,0,0,[],[],https://twitter.com/paulodiop1/status/1206957970736717825,False,,0,,,,,,,"[{'user_id': '166712612', 'username': 'paulodiop1'}]",,,,
1197226899736596481,1197222685874544641,1574276110000,2019-11-20,15:55:10,-03,1193940082543255553,catch4wn,quem sabe ainda sou uma garotinha,,"s√≥ DEPOIS disso veio a lei √°urea mas mesmo assim n√£o houve NADA que garantisse qualquer tipo de direito a sa√∫de, moradia, alimenta√ß√£o etc nesse per√≠odo p√≥s-emancipa√ß√£o (da√≠ o surgimento da favela)",[],[],[],1,0,2,[],[],https://twitter.com/catch4wn/status/1197226899736596481,False,,0,,,,,,,"[{'user_id': '1193940082543255553', 'username': 'catch4wn'}]",,,,
1188960440367419392,1188960440367419392,1572305233000,2019-10-28,20:27:13,-03,168524736,dandaramatos,Dandara S√≠lvia Matos,,"Arqueologias da escravid√£o e liberdade: senzalas, cultura material e p√≥s-emancipa√ß√£o na fazenda do Col√©gio, Campos dos Goytacazes, s√©culos XVIII a XX  https://aeditora.com.br/produto/arqueologias-da-escravidao-e-liberdade-senzalas-cultura-material-e-pos-emancipacao-na-fazenda-do-colegio-campos-dos-goytacazes-seculos-xviii-a-xx/¬†‚Ä¶",[],['https://aeditora.com.br/produto/arqueologias-da-escravidao-e-liberdade-senzalas-cultura-material-e-pos-emancipacao-na-fazenda-do-colegio-campos-dos-goytacazes-seculos-xviii-a-xx/'],[],0,0,0,[],[],https://twitter.com/dandaramatos/status/1188960440367419392,False,,0,,,,,,,"[{'user_id': '168524736', 'username': 'dandaramatos'}]",,,,
1186780141105635330,1186725781449445379,1571785409000,2019-10-22,20:03:29,-03,819369228,thiagokrause2,Thiago Krause,,"Escravid√£o e p√≥s-emancipa√ß√£o
 https://www.dropbox.com/sh/xyodjtcnttxt037/AACKDCfgVFmjdJT91vyAZnmka?dl=0¬†‚Ä¶","['renatafm', 'carlaodara', 'ciaocarola']",['https://www.dropbox.com/sh/xyodjtcnttxt037/AACKDCfgVFmjdJT91vyAZnmka?dl=0'],[],2,0,5,[],[],https://twitter.com/ThiagoKrause2/status/1186780141105635330,False,,0,,,,,,,"[{'user_id': '819369228', 'username': 'ThiagoKrause2'}, {'user_id': '33370074', 'username': 'RenataFM'}, {'user_id': '908471082197372933', 'username': 'carlaodara'}, {'user_id': '1042610626445697026', 'username': 'ciaocarola'}]",,,,
1186725781449445379,1186725781449445379,1571772449000,2019-10-22,16:27:29,-03,819369228,thiagokrause2,Thiago Krause,,"Eu dou liberdade para que os alunos escolham os temas dos trabalhos finais (dentro do recorte da disciplina), mas sempre me arrependo por causa do trabalho que d√° montar bibliografia individualizadas
1) Guerras e Imp√©rios na √âpoca Moderna
2) Escravid√£o e P√≥s-Emancipa√ß√£o no Brasil  pic.twitter.com/a8VAG3jUuT",[],[],"['https://pbs.twimg.com/media/EHgYzgjX0AEFSWA.png', 'https://pbs.twimg.com/media/EHgYzjDXYAIYUcj.png']",8,1,45,[],[],https://twitter.com/ThiagoKrause2/status/1186725781449445379,False,,0,,,,,,,"[{'user_id': '819369228', 'username': 'ThiagoKrause2'}]",,,,
1186581884165414912,1186297857185341442,1571738141000,2019-10-22,06:55:41,-03,927843296214503424,18siss,$$dola$$,,Mulheres Negras no Brasil Escravista e P√≥s-Emancipa√ß√£o! Foi no cap√≠tulo 3 a passagem!,['eduardamattosl'],[],[],1,2,2,[],[],https://twitter.com/18siss/status/1186581884165414912,False,,0,,,,,,,"[{'user_id': '927843296214503424', 'username': '18siss'}, {'user_id': '2993522320', 'username': 'eduardamattosl'}]",,,,
1186581840414593027,1186297857185341442,1571738131000,2019-10-22,06:55:31,-03,927843296214503424,18siss,$$dola$$,,Mulheres Negras no Brasil Escravista e P√≥s-Emancipa√ß√£o! Foi no cap√≠tulo 3 a passagem!,['agnesoliver'],[],[],0,0,1,[],[],https://twitter.com/18siss/status/1186581840414593027,False,,0,,,,,,,"[{'user_id': '927843296214503424', 'username': '18siss'}, {'user_id': '102107516', 'username': 'agnesoliver'}]",,,,
1186581815915679744,1186297857185341442,1571738125000,2019-10-22,06:55:25,-03,927843296214503424,18siss,$$dola$$,,Mulheres Negras no Brasil Escravista e P√≥s-Emancipa√ß√£o! Foi no cap√≠tulo 3 a passagem!,['thorurbano'],[],[],0,0,8,[],[],https://twitter.com/18siss/status/1186581815915679744,False,,0,,,,,,,"[{'user_id': '927843296214503424', 'username': '18siss'}, {'user_id': '2859721593', 'username': 'thorurbano'}]",,,,
1185435001707487232,1184998104438857728,1571464703000,2019-10-19,02:58:23,-03,3083446222,ginnyweasleyzs,villanelle gritando boring no museu‚ú®,,"O sistema acabou de forma lenta, com v√°rias leis graduais (Ventre Livre - 1871, Sexagen√°rios - 1885) e ent√£o a Lei √Åurea - 1888. A lei n√£o conjecturou nenhuma forma de integra√ß√£o da popula√ß√£o rec√©m liberta, o per√≠odo de ""p√≥s-emancipa√ß√£o"" n√£o tinha data pra terminar+",['taminowaki'],[],[],1,0,0,[],[],https://twitter.com/ginnyweasleyzs/status/1185435001707487232,False,,0,,,,,,,"[{'user_id': '3083446222', 'username': 'ginnyweasleyzs'}, {'user_id': '2812468433', 'username': 'TamiNowaki'}]",,,,
1164187799194652672,1164187799194652672,1566398975000,2019-08-21,11:49:35,-03,3033163643,literaturars,Literatura RS,,Hist√≥ria negra no p√≥s-emancipa√ß√£o em debate na¬†UFSM  http://literaturars.com.br/2019/08/21/historia-negra-no-pos-emancipacao-em-debate-na-ufsm/¬†‚Ä¶ pic.twitter.com/0hjwGmU64k,[],['http://literaturars.com.br/2019/08/21/historia-negra-no-pos-emancipacao-em-debate-na-ufsm/'],['https://pbs.twimg.com/media/ECgGojEXkAI_qtA.jpg'],0,0,1,[],[],https://twitter.com/LiteraturaRS/status/1164187799194652672,False,,0,,,,,,,"[{'user_id': '3033163643', 'username': 'LiteraturaRS'}]",,,,
1158811082741473281,1158811082741473281,1565117066000,2019-08-06,15:44:26,-03,58444458,orochiandrecafe,Caf√© üè¥,,"Agora s√≥ descansando os zoi dumas leitura que comecei aqui do livro Pol√≠ticas de Ra√ßa, que reune v√°rios artigos sobre o per√≠odo da aboli√ß√£o e p√≥s-emancipa√ß√£o.",[],[],[],0,0,0,[],[],https://twitter.com/OrochiAndreCafe/status/1158811082741473281,False,,0,,,,,,,"[{'user_id': '58444458', 'username': 'OrochiAndreCafe'}]",,,,
1158809335616757762,1158809335616757762,1565116649000,2019-08-06,15:37:29,-03,58444458,orochiandrecafe,Caf√© üè¥,,"""Os processos de aboli√ß√£o e p√≥s-emancipa√ß√£o foram decisivos no devir das Am√©ricas... o anseio por igualdade ... acesso aos recursos da terra e aos frutos do pr√≥prio trabalho ainda continua no horizonte de milhares de brasileiros"" Domingues, Gomes. 2014",[],[],[],1,0,1,[],[],https://twitter.com/OrochiAndreCafe/status/1158809335616757762,False,,0,,,,,,,"[{'user_id': '58444458', 'username': 'OrochiAndreCafe'}]",,,,
1154354191990525952,1154354191990525952,1564054460000,2019-07-25,08:34:20,-03,66131600,thejadaum,Jader Andrade Machado,,"18/35 Pol√≠ticas da Ra√ßa 
Experi√™ncias e legados da aboli√ß√£o e da p√≥s-emancipa√ß√£o no Brasil.

Colet√¢nea de artigos sobre a saga do povo negro no Brasil de 1870 a 2010.
Iniciando com o movimento abolicionista,‚Ä¶  https://www.instagram.com/p/B0VpXmyDUFm/?igshid=1g3vkguvodnsq¬†‚Ä¶",[],['https://www.instagram.com/p/B0VpXmyDUFm/?igshid=1g3vkguvodnsq'],[],0,0,0,[],[],https://twitter.com/TheJadaUm/status/1154354191990525952,False,,0,,,,,,,"[{'user_id': '66131600', 'username': 'TheJadaUm'}]",,,,
1151211780229816321,1151211780229816321,1563305251000,2019-07-16,16:27:31,-03,819369228,thiagokrause2,Thiago Krause,,"Caros, primeira vers√£o do programa da segunda eletiva do pr√≥ximo semestre na @historiaunirio . √â uma tentativa de me fazer pensar sobre a hist√≥ria social do Brasil escravista e p√≥s-emancipa√ß√£o para um texto de s√≠ntese que pretendo escrever com o @phgfsouza
 https://www.academia.edu/s/f5685e9ee3/programa-historia-da-historiografia-brasileira-historia-social-sobre-o-brasil-escravista-e-pos-abolicao-c-1550-1920¬†‚Ä¶","['historiaunirio', 'phgfsouza']",['https://www.academia.edu/s/f5685e9ee3/programa-historia-da-historiografia-brasileira-historia-social-sobre-o-brasil-escravista-e-pos-abolicao-c-1550-1920'],[],2,4,29,[],[],https://twitter.com/ThiagoKrause2/status/1151211780229816321,False,,0,,,,,,,"[{'user_id': '819369228', 'username': 'ThiagoKrause2'}, {'user_id': '113637194', 'username': 'historiaunirio'}, {'user_id': '78955946', 'username': 'phgfsouza'}]",,,,
1150818776235069441,1150758677802098691,1563211552000,2019-07-15,14:25:52,-03,819369228,thiagokrause2,Thiago Krause,,"Falando em programa, estou fazendo esse: ""Hist√≥ria da Historiografia Brasileira: Hist√≥ria Social do Brasil Escravista e p√≥s-emancipa√ß√£o""
Voc√™ teria esse seu artigo em pdf: ""Trabalho Escravo e Trabalho Livre Na Cidade do Rio de Janeiro: Vivencia de Libertos, Galegos e Mulheres..""?",['gladysribeiro'],[],[],2,0,1,[],[],https://twitter.com/ThiagoKrause2/status/1150818776235069441,False,,0,,,,,,,"[{'user_id': '819369228', 'username': 'ThiagoKrause2'}, {'user_id': '128889519', 'username': 'GladysRibeiro'}]",,,,
1147511862185123841,1147511862185123841,1562423122000,2019-07-06,11:25:22,-03,116246892,silvioli,Silvio Lima,,"Algu√©m tem o livro ""Quase-cidad√£o : hist√≥rias e antropologias da p√≥s-emancipa√ß√£o no Brasil.' para trocar, vender, doar, compartilhar ou qualquer outro rolo? T√° dif√≠cil de achar pra comprar.",[],[],[],0,0,0,[],[],https://twitter.com/silvioli/status/1147511862185123841,False,,0,,,,,,,"[{'user_id': '116246892', 'username': 'silvioli'}]",,,,
1128039132624715776,1128039132624715776,1557780461000,2019-05-13,17:47:41,-03,1526254340,fercanofre,Fernanda Canofre,,"Lilia Schwarcz em uma entrevista que fizemos em 2017, no ‚Å¶@jornalSul21‚Å© : ‚ÄúO que n√≥s vimos no per√≠odo p√≥s-emancipa√ß√£o foi uma continuidade da escravid√£o, mas sem o sistema formal. N√£o houve nenhum projeto de inclus√£o dessas popula√ß√µes‚Äù  https://www.sul21.com.br/entrevistas-2/2017/10/e-impressionante-que-um-pais-de-escravidao-tao-longa-tenha-autoconcepcao-de-que-nao-e-violento/¬†‚Ä¶",[],['https://www.sul21.com.br/entrevistas-2/2017/10/e-impressionante-que-um-pais-de-escravidao-tao-longa-tenha-autoconcepcao-de-que-nao-e-violento/'],[],0,0,2,[],[],https://twitter.com/fercanofre/status/1128039132624715776,False,,0,,,,,,,"[{'user_id': '1526254340', 'username': 'fercanofre'}]",,,,
1122189853909762049,1122189853909762049,1556385885000,2019-04-27,14:24:45,-03,35322373,uaiamiga,natalia,,Fio excelente da Renata (historiadora do XIX) sobre como a educa√ß√£o voltada para as Ci√™ncias Humanas foi abordada na p√≥s-emancipa√ß√£o do Brasil Imp√©rio.  https://twitter.com/renatabernadona/status/1121834129564295168¬†‚Ä¶,[],['https://twitter.com/renatabernadona/status/1121834129564295168'],[],0,1,2,[],[],https://twitter.com/uaiamiga/status/1122189853909762049,False,https://twitter.com/renatabernadona/status/1121834129564295168,0,,,,,,,"[{'user_id': '35322373', 'username': 'uaiamiga'}]",,,,
1121834129564295168,1121834129564295168,1556301073000,2019-04-26,14:51:13,-03,84605082,renatabernadona,Renata Bernada,,"No per√≠odo p√≥s-emancipa√ß√£o pol√≠tica, uma das quest√µes centrais para os ‚Äúarquitetos‚Äù do Imp√©rio foi, precisamente, a da educa√ß√£o.",[],[],[],1,0,4,[],[],https://twitter.com/renatabernadona/status/1121834129564295168,False,,0,,,,,,,"[{'user_id': '84605082', 'username': 'renatabernadona'}]",,,,
1113784065663090688,1113784065663090688,1554381789000,2019-04-04,09:43:09,-03,1363143570,barbarahsands,Barbarah Sands,,Mulheres Negras No Brasil Escravista e do P√≥s-emancipa√ß√£o  https://www.saraiva.com.br/mulheres-negras-no-brasil-escravista-e-do-pos-emancipacao-4324039.html¬†‚Ä¶,[],['https://www.saraiva.com.br/mulheres-negras-no-brasil-escravista-e-do-pos-emancipacao-4324039.html'],[],0,0,0,[],[],https://twitter.com/BarbarahSands/status/1113784065663090688,False,,0,,,,,,,"[{'user_id': '1363143570', 'username': 'BarbarahSands'}]",,,,
1090989557091311621,1090989557091311621,1548947154000,2019-01-31,12:05:54,-03,827306997842321409,joscarloscroch2,Jos√© Carlos C. Rocha,,Imagens da Escravid√£o e do P√≥s-Emancipa√ß√£o: Desafios do Passado e do Pre...  https://youtu.be/5fLTBua_gfU¬† via @YouTube,['youtube'],['https://youtu.be/5fLTBua_gfU'],[],0,0,0,[],[],https://twitter.com/JosCarlosCRoch2/status/1090989557091311621,False,,0,,,,,,,"[{'user_id': '827306997842321409', 'username': 'JosCarlosCRoch2'}, {'user_id': '10228272', 'username': 'YouTube'}]",,,,
1078821635447242752,1078821635447242752,1546046096000,2018-12-28,22:14:56,-03,981496905694883841,atleticoac1952,Atl√©tico Acreano,,"PRIMEIRO CAMPE√ÉO P√ìS-EMANCIPA√á√ÉO!
A foto dos campe√µes de 1962 entra para a galeria hist√≥rica do futebol acreano. At√© aquela temporada, o estado era considerado territ√≥rio,...  http://atleticoacreano.com.br/2018/12/28/136-anos-municipio-de-rio-branco-comecou-no-segundo-distrito/¬†‚Ä¶",[],['http://atleticoacreano.com.br/2018/12/28/136-anos-municipio-de-rio-branco-comecou-no-segundo-distrito/'],[],0,0,2,[],[],https://twitter.com/AtleticoAc1952/status/1078821635447242752,False,,0,,,,,,,"[{'user_id': '981496905694883841', 'username': 'AtleticoAc1952'}]",,,,
1065319062660677633,1065319062660677633,1542826831000,2018-11-21,16:00:31,-03,610978782,angablue,ùî∏‚Ñïùîæùî∏ùîπùïÉùïåùîº¬ÆÔ∏è,,"Livros sobre a escravid√£o no Brasil, fic√ß√£o e nao: 1) ‚ÄúA Nova Aboli√ß√£o‚Äù de Petr√¥nio Domingues; 2) ‚Äú A Aboli√ß√£o‚Äù de Em√≠lia Viotti da Costa; 3) ‚ÄúPol√≠ticas da Ra√ßa ‚Äî Experi√™ncias e Legados da Aboli√ß√£o e da P√≥s-Emancipa√ß√£o no Brasil‚Äù de Flavio Gomes e Petronio Domingues",[],[],[],1,0,0,[],[],https://twitter.com/Angablue/status/1065319062660677633,False,,0,,,,,,,"[{'user_id': '610978782', 'username': 'Angablue'}]",,,,
1029197096858079233,1029197096858079233,1534214684000,2018-08-13,23:44:44,-03,2329733712,gtepanpuh,Gtep/Anpuh,,"#GtepConvida para a defesa de doutorado de Camila Avelino

T√≠tulo da tese: Os Sentidos da Liberdade: trajet√≥rias, lutas sociais e rela√ß√µes de trabalho no Vale do Cotinguiba na Aboli√ß√£o e na P√≥s-emancipa√ß√£o...  https://www.facebook.com/GTNacionalEPA/posts/1710727149025650¬†‚Ä¶",[],['https://www.facebook.com/GTNacionalEPA/posts/1710727149025650'],[],0,0,1,['#gtepconvida'],[],https://twitter.com/gtepanpuh/status/1029197096858079233,False,,0,,,,,,,"[{'user_id': '2329733712', 'username': 'gtepanpuh'}]",,,,
1025444898005295104,1025444898005295104,1533320090000,2018-08-03,15:14:50,-03,84605082,renatabernadona,Renata Bernada,,"#minhapesquisacapes √© sobre a organiza√ß√£o territorial-institucional das prov√≠ncias no Imp√©rio do Brasil. Analiso o funcionamento dos mecanismos pol√≠tico-administrativos forjados no per√≠odo p√≥s-emancipa√ß√£o, a distribui√ß√£o de poderes centro- prov√≠ncias, as formas de participa√ß√£o +",[],[],[],1,0,7,['#minhapesquisacapes'],[],https://twitter.com/renatabernadona/status/1025444898005295104,False,,0,,,,,,,"[{'user_id': '84605082', 'username': 'renatabernadona'}]",,,,
994720811348058112,994720811348058112,1525994897000,2018-05-10,20:28:17,-03,122775924,derlonalmeida,derlon,,"""O p√≥s-emancipa√ß√£o n√£o teve nenhuma preocupa√ß√£o com inclus√£o dessas popula√ß√µes (de ex-escravos). Eu me refiro a educa√ß√£o, sa√∫de, habita√ß√£o, todos os problemas estruturais.""  http://www.bbc.com/portuguese/brasil-44034767?ocid=socialflow_facebook¬†‚Ä¶",[],['http://www.bbc.com/portuguese/brasil-44034767?ocid=socialflow_facebook'],[],0,0,1,[],[],https://twitter.com/DerlonAlmeida/status/994720811348058112,False,,0,,,,,,,"[{'user_id': '122775924', 'username': 'DerlonAlmeida'}]",,,,
979494099320492037,979494099320492037,1522364566000,2018-03-29,20:02:46,-03,43167222,zeroig,"Z√© Roig, O Urbanauta",,"Aqui, um texto bastante esclarecedor sobre o tem: O combate √† ociosidade e √† marginaliza√ß√£o dos libertos no p√≥s-emancipa√ß√£o (que trata do per√≠odo p√≥s-aboli√ß√£o)  https://www.cesjf.br/revistas/cesrevista/edicoes/2011/08_HISTORIA_OCombate.pdf¬†‚Ä¶",[],['https://www.cesjf.br/revistas/cesrevista/edicoes/2011/08_HISTORIA_OCombate.pdf'],[],0,0,1,[],[],https://twitter.com/zeroig/status/979494099320492037,False,,0,,,,,,,"[{'user_id': '43167222', 'username': 'zeroig'}]",,,,
964993177827594241,964993177827594241,1518907276000,2018-02-17,19:41:16,-03,124460854,descubrapnl,DescubraPNL,,"RT gruposummus ""MULHERES NEGRAS NO BRASIL ESCRAVISTA E DO P√ìS-EMANCIPA√á√ÉO
Esta colet√¢nea, que abrange os s√©culos 18 a 20, constitue um quadro amplo e fascinante das experi√™ncias das mulheres africanas, crioulas, cativas e forras. 
Conhe√ßa: ‚Ä¶  pic.twitter.com/vpMm51qvRP""",[],[],['https://pbs.twimg.com/media/DWKe1iYWkAEV9CJ.jpg'],0,0,0,[],[],https://twitter.com/descubrapnl/status/964993177827594241,False,,0,,,,,,,"[{'user_id': '124460854', 'username': 'descubrapnl'}]",,,,
964991602367250432,964991602367250432,1518906901000,2018-02-17,19:35:01,-03,74824798,gruposummus,Grupo Summus,,"MULHERES NEGRAS NO BRASIL ESCRAVISTA E DO P√ìS-EMANCIPA√á√ÉO
Esta colet√¢nea, que abrange os s√©culos 18 a 20, constitue um quadro amplo e fascinante das experi√™ncias das mulheres africanas, crioulas, cativas e forras. 
Conhe√ßa:  http://amzn.to/2EyclZe¬†
#mulheresnegras pic.twitter.com/JNxEBMOtqv",[],['http://amzn.to/2EyclZe'],['https://pbs.twimg.com/media/DWKe1iYWkAEV9CJ.jpg'],0,1,1,['#mulheresnegras'],[],https://twitter.com/gruposummus/status/964991602367250432,False,,0,,,,,,,"[{'user_id': '74824798', 'username': 'gruposummus'}]",,,,
896882555680677888,896882555680677888,1502668439000,2017-08-13,20:53:59,-03,417930425,soumuitokawaii,Gabi üíú,,"avaliei ""Mulheres Negras No Brasil Escravista E Do P√≥s-emancipa√ß√£o"" com 4.5 de 5 estrelas  https://goo.gl/G0Od7u¬† #skoob",[],['https://goo.gl/G0Od7u'],[],0,0,0,['#skoob'],[],https://twitter.com/SouMuitoKawaii/status/896882555680677888,False,,0,,,,,,,"[{'user_id': '417930425', 'username': 'SouMuitoKawaii'}]",,,,
896882517378306048,896882517378306048,1502668430000,2017-08-13,20:53:50,-03,417930425,soumuitokawaii,Gabi üíú,,"j√° li ""Mulheres Negras No Brasil Escravista E Do P√≥s-emancipa√ß√£o""  https://goo.gl/G0Od7u¬† #skoob",[],['https://goo.gl/G0Od7u'],[],0,0,0,['#skoob'],[],https://twitter.com/SouMuitoKawaii/status/896882517378306048,False,,0,,,,,,,"[{'user_id': '417930425', 'username': 'SouMuitoKawaii'}]",,,,
887808856310632452,887808856310632452,1500505100000,2017-07-19,19:58:20,-03,417930425,soumuitokawaii,Gabi üíú,,"estou lendo ""Mulheres Negras No Brasil Escravista E Do P√≥s-emancipa√ß√£o""  https://goo.gl/G0Od7u¬† #skoob",[],['https://goo.gl/G0Od7u'],[],0,0,0,['#skoob'],[],https://twitter.com/SouMuitoKawaii/status/887808856310632452,False,,0,,,,,,,"[{'user_id': '417930425', 'username': 'SouMuitoKawaii'}]",,,,
887801858319888384,887801858319888384,1500503432000,2017-07-19,19:30:32,-03,84932427,basiliosantos,Bas√≠lio Santos üáßüá∑,,"marquei como quero ler ""Mulheres Negras No Brasil Escravista E Do P√≥s-emancipa√ß√£o""  http://fb.me/1n1LnuJXg¬†",[],['http://fb.me/1n1LnuJXg'],[],0,0,0,[],[],https://twitter.com/BasilioSantos/status/887801858319888384,False,,0,,,,,,,"[{'user_id': '84932427', 'username': 'BasilioSantos'}]",,,,
887801795816423425,887801795816423425,1500503417000,2017-07-19,19:30:17,-03,84932427,basiliosantos,Bas√≠lio Santos üáßüá∑,,"quero ler ""Mulheres Negras No Brasil Escravista E Do P√≥s-emancipa√ß√£o""  https://goo.gl/G0Od7u¬† #skoob",[],['https://goo.gl/G0Od7u'],[],0,0,0,['#skoob'],[],https://twitter.com/BasilioSantos/status/887801795816423425,False,,0,,,,,,,"[{'user_id': '84932427', 'username': 'BasilioSantos'}]",,,,
880820896344281088,880820896344281088,1498839041000,2017-06-30,13:10:41,-03,74824798,gruposummus,Grupo Summus,,"Sai nos EUA, pela Diasporic Africa Press, tradu√ß√£o de Mulheres Negras no Brasil escravista e do p√≥s-emancipa√ß√£o, da Selo Negro.  pic.twitter.com/k94RAa5GsD",[],[],['https://pbs.twimg.com/media/DDlN61RXsAIEDDx.jpg'],0,0,1,[],[],https://twitter.com/gruposummus/status/880820896344281088,False,,0,,,,,,,"[{'user_id': '74824798', 'username': 'gruposummus'}]",,,,
841405611606708226,841405611606708226,1489441705000,2017-03-13,18:48:25,-03,109430065,haralan_adm,Haralan Elias,,"marcou como desejado ""Mulheres Negras No Brasil Escravista E Do P√≥s-emancipa√ß√£o""  https://goo.gl/G0Od7u¬† #skoob",[],['https://goo.gl/G0Od7u'],[],0,0,0,['#skoob'],[],https://twitter.com/haralan_adm/status/841405611606708226,False,,0,,,,,,,"[{'user_id': '109430065', 'username': 'haralan_adm'}]",,,,
841405606577745920,841405606577745920,1489441703000,2017-03-13,18:48:23,-03,109430065,haralan_adm,Haralan Elias,,"quero ler ""Mulheres Negras No Brasil Escravista E Do P√≥s-emancipa√ß√£o""  https://goo.gl/G0Od7u¬† #skoob",[],['https://goo.gl/G0Od7u'],[],0,0,0,['#skoob'],[],https://twitter.com/haralan_adm/status/841405606577745920,False,,0,,,,,,,"[{'user_id': '109430065', 'username': 'haralan_adm'}]",,,,
818155315938099202,818155315938099202,1483898402000,2017-01-08,15:00:02,-03,74824798,gruposummus,Grupo Summus,,"RELIGI√ïES NEGRAS NO BRASIL - Da escravid√£o √† p√≥s-emancipa√ß√£o

Nas livrarias ou pelo site  http://www.gruposummus.com.br/selonegro/livro/9788584550081¬†‚Ä¶ pic.twitter.com/DvvE7v1cSG",[],['http://www.gruposummus.com.br/selonegro/livro/9788584550081'],['https://pbs.twimg.com/media/C1bns0cWIAAxdDP.jpg'],0,0,0,[],[],https://twitter.com/gruposummus/status/818155315938099202,False,,0,,,,,,,"[{'user_id': '74824798', 'username': 'gruposummus'}]",,,,
795363393259577344,795363393259577344,1478464384000,2016-11-06,17:33:04,-03,140231339,valeriacosta79,Val√©ria Costa,,Religi√µes Negras no Brasil: da escravid√£o √† p√≥s-emancipa√ß√£o.  pic.twitter.com/iSjvJoaHIh,[],[],['https://pbs.twimg.com/media/CwmysPSW8AAbRIK.jpg'],0,0,4,[],[],https://twitter.com/valeriacosta79/status/795363393259577344,False,,0,,,,,,,"[{'user_id': '140231339', 'username': 'valeriacosta79'}]",,,,
700825608066977793,700825608066977793,1455924820000,2016-02-19,20:33:40,-03,18401492,lolonel,Nelsonav√≠rus,,"Toda uma nova historiografia sobre escravid√£o atl√¢ntica, abolicionismo , p√≥s-emancipa√ß√£o e participa√ß√£o negra na...  http://fb.me/7wGleIcg9¬†",[],['http://fb.me/7wGleIcg9'],[],0,0,1,[],[],https://twitter.com/lolonel/status/700825608066977793,False,,0,,,,,,,"[{'user_id': '18401492', 'username': 'lolonel'}]",,,,
669605437898031104,669605437898031104,1448481351000,2015-11-25,16:55:51,-03,140235527,amaepreta,maternidade confinada,,"quero ler ""Mulheres Negras No Brasil Escravista E Do P√≥s-emancipa√ß√£o""  http://migre.me/dPQNB¬† #skoob",[],['http://migre.me/dPQNB'],[],0,0,0,['#skoob'],[],https://twitter.com/amaepreta/status/669605437898031104,False,,0,,,,,,,"[{'user_id': '140235527', 'username': 'amaepreta'}]",,,,
635928674487922689,635928674487922689,1440452185000,2015-08-24,18:36:25,-03,2193212607,sombrapoetica,Sombra Po√©tica,,Mulheres negras no Brasil escravista e do p√≥s-emancipa√ß√£o  http://fb.me/3QRWBya23¬†,[],['http://fb.me/3QRWBya23'],[],0,0,0,[],[],https://twitter.com/SombraPoetica/status/635928674487922689,False,,0,,,,,,,"[{'user_id': '2193212607', 'username': 'SombraPoetica'}]",,,,
635841508827074560,635841508827074560,1440431403000,2015-08-24,12:50:03,-03,2767595100,elianamdg1,Eliana Maria Custodi,,Mulheres negras no Brasil escravista e do p√≥s-emancipa√ß√£o  http://fb.me/3OMCmGWxG¬†,[],['http://fb.me/3OMCmGWxG'],[],0,0,0,[],[],https://twitter.com/elianamdg1/status/635841508827074560,False,,0,,,,,,,"[{'user_id': '2767595100', 'username': 'elianamdg1'}]",,,,
577601699830968320,577601699830968320,1426545951000,2015-03-16,19:45:51,-03,14077576,decaying,mari. üëΩ,,Primeira ida ao mercado p√≥s-emancipa√ß√£o e j√° virei dessas tia q reclama do pre√ßo do quilo do feij√£o,[],[],[],1,0,0,[],[],https://twitter.com/decaying/status/577601699830968320,False,,0,,,,,,,"[{'user_id': '14077576', 'username': 'decaying'}]",,,,
471772859455770624,471772859455770624,1401314389000,2014-05-28,18:59:49,-03,431014923,ufac_oficial,Ufac,,Lan√ßamento do Livro - Mulheres Negras no Brasil Escravista e do P√≥s-Emancipa√ß√£o  http://migre.me/jqnrb¬†,[],['http://migre.me/jqnrb'],[],0,0,0,[],[],https://twitter.com/ufac_oficial/status/471772859455770624,False,,0,,,,,,,"[{'user_id': '431014923', 'username': 'ufac_oficial'}]",,,,
323573358673420289,323573358673420289,1365980875000,2013-04-14,20:07:55,-03,27236126,amaralalexandro,Alex Amaral üáßüá∑,,Os governos p√≥s-emancipa√ß√£o n√£o fizeram nada para que Mesquita se consolidasse como uma cidade de fato.,[],[],[],0,0,0,[],[],https://twitter.com/amaralalexandro/status/323573358673420289,False,,0,,,,,,,"[{'user_id': '27236126', 'username': 'amaralalexandro'}]",,,,
274649825943904256,274649825943904256,1354316595000,2012-11-30,20:03:15,-03,15267610,midiaetnica,M√≠dia √âtnica (BA),,Livro Mulheres Negras no Brasil Escravista e do P√≥s-emancipa√ß√£o √© lan√ßado em Salvador  http://fb.me/sIzAvgFU¬†,[],['http://fb.me/sIzAvgFU'],[],0,0,0,[],[],https://twitter.com/midiaetnica/status/274649825943904256,False,,0,,,,,,,"[{'user_id': '15267610', 'username': 'midiaetnica'}]",,,,
274475867936264192,274475867936264192,1354275121000,2012-11-30,08:32:01,-03,74824798,gruposummus,Grupo Summus,,"HOJE, √†s 18h, os autores de ‚ÄúMulheres negras no Brasil escravista e do p√≥s-emancipa√ß√£o‚Äù autografam na @livrarialdm:  http://www.gruposummus.com.br/blog/?p=1073¬†",['livrarialdm'],['http://www.gruposummus.com.br/blog/?p=1073'],[],0,0,0,[],[],https://twitter.com/gruposummus/status/274475867936264192,False,,0,,,,,,,"[{'user_id': '74824798', 'username': 'gruposummus'}, {'user_id': '94321693', 'username': 'livrarialdm'}]",,,,
273441110565724160,273441110565724160,1354028415000,2012-11-27,12:00:15,-03,74824798,gruposummus,Grupo Summus,,"Dia 30, sexta, os autores de ‚ÄúMulheres negras no Brasil escravista e do p√≥s-emancipa√ß√£o‚Äù autografam na @livrarialdm:  http://www.gruposummus.com.br/blog/?p=1073¬†",['livrarialdm'],['http://www.gruposummus.com.br/blog/?p=1073'],[],0,1,0,[],[],https://twitter.com/gruposummus/status/273441110565724160,False,,0,,,,,,,"[{'user_id': '74824798', 'username': 'gruposummus'}, {'user_id': '94321693', 'username': 'livrarialdm'}]",,,,
270963591019130880,270963591019130880,1353437729000,2012-11-20,15:55:29,-03,127351375,dep_alinecorrea,Aline Corr√™a,,Livro traz retrato das experi√™ncias das mulheres negras no Brasil escravista e do p√≥s-emancipa√ß√£o |   http://ow.ly/frDxQ¬†,[],['http://ow.ly/frDxQ'],[],0,0,0,[],[],https://twitter.com/Dep_AlineCorrea/status/270963591019130880,False,,0,,,,,,,"[{'user_id': '127351375', 'username': 'Dep_AlineCorrea'}]",,,,
270963590884884480,270963590884884480,1353437728000,2012-11-20,15:55:28,-03,487078346,pp_saopaulo,Progressista SP,,Livro traz retrato das experi√™ncias das mulheres negras no Brasil escravista e do p√≥s-emancipa√ß√£o |   http://ow.ly/frDIm¬†,[],['http://ow.ly/frDIm'],[],0,0,0,[],[],https://twitter.com/PP_SaoPaulo/status/270963590884884480,False,,0,,,,,,,"[{'user_id': '487078346', 'username': 'PP_SaoPaulo'}]",,,,
270944645977096192,270944645977096192,1353433212000,2012-11-20,14:40:12,-03,15425342,memoriaviva,memoriaviva,,"Selo Negro lan√ßa ""Mulheres negras no Brasil escravista e do p√≥s-emancipa√ß√£o""  http://migre.me/bYupp¬†",[],['http://migre.me/bYupp'],[],0,2,0,[],[],https://twitter.com/memoriaviva/status/270944645977096192,False,,0,,,,,,,"[{'user_id': '15425342', 'username': 'memoriaviva'}]",,,,
270617671828127745,270617671828127745,1353355255000,2012-11-19,17:00:55,-03,74824798,gruposummus,Grupo Summus,,O Globo destacou lan√ßamento do livro Mulheres negras no Brasil escravista e do p√≥s-emancipa√ß√£o (Selo Negro Edi√ß√µes).  http://www.gruposummus.com.br/blog/?p=1040¬†,[],['http://www.gruposummus.com.br/blog/?p=1040'],[],0,0,0,[],[],https://twitter.com/gruposummus/status/270617671828127745,False,,0,,,,,,,"[{'user_id': '74824798', 'username': 'gruposummus'}]",,,,
268074167163817986,268074167163817986,1352748836000,2012-11-12,16:33:56,-03,74824798,gruposummus,Grupo Summus,,"Lan√ßamento de ‚ÄúMulheres negras no Brasil escravista e do p√≥s-emancipa√ß√£o‚Äù: 21/11, √†s 19h, na Folha Seca Livraria (RJ):  http://www.gruposummus.com.br/blog/?p=1000¬†",[],['http://www.gruposummus.com.br/blog/?p=1000'],[],0,1,0,[],[],https://twitter.com/gruposummus/status/268074167163817986,False,,0,,,,,,,"[{'user_id': '74824798', 'username': 'gruposummus'}]",,,,
267014943398830080,267014943398830080,1352496298000,2012-11-09,18:24:58,-03,56679461,jornalnovoeste,Jornal Novoeste,,Mulheres negras no Brasil escravista e do p√≥s-emancipa√ß√£o  http://bit.ly/ThcKO0¬†,[],['http://bit.ly/ThcKO0'],[],0,0,0,[],[],https://twitter.com/jornalnovoeste/status/267014943398830080,False,,0,,,,,,,"[{'user_id': '56679461', 'username': 'jornalnovoeste'}]",,,,
267014920321785857,267014920321785857,1352496292000,2012-11-09,18:24:52,-03,262674487,seligabarreiras,Se Liga Barreiras,,Mulheres negras no Brasil escravista e do p√≥s-emancipa√ß√£o  http://bit.ly/ThcKxC¬†,[],['http://bit.ly/ThcKxC'],[],0,0,0,[],[],https://twitter.com/seligabarreiras/status/267014920321785857,False,,0,,,,,,,"[{'user_id': '262674487', 'username': 'seligabarreiras'}]",,,,
267014916676927488,267014916676927488,1352496291000,2012-11-09,18:24:51,-03,56679461,jornalnovoeste,Jornal Novoeste,,"Mulheres negras no Brasil escravista e do p√≥s-emancipa√ß√£o: 
Com  pesquisas originais, que esmi√∫√ßam fontes e priv...  http://migre.me/bIBiJ¬†",[],['http://migre.me/bIBiJ'],[],0,0,0,[],[],https://twitter.com/jornalnovoeste/status/267014916676927488,False,,0,,,,,,,"[{'user_id': '56679461', 'username': 'jornalnovoeste'}]",,,,
266940305507495936,266940305507495936,1352478503000,2012-11-09,13:28:23,-03,74824798,gruposummus,Grupo Summus,,"Selo Negro lan√ßa: ‚ÄúMulheres negras no Brasil escravista e do p√≥s-emancipa√ß√£o‚Äù: 
 http://www.inteligemcia.com.br/95215/2012/11/08/mulheres-negras-no-brasil-escravista-e-do-pos-emancipacao/¬†‚Ä¶",[],['http://www.inteligemcia.com.br/95215/2012/11/08/mulheres-negras-no-brasil-escravista-e-do-pos-emancipacao/'],[],0,2,0,[],[],https://twitter.com/gruposummus/status/266940305507495936,False,,0,,,,,,,"[{'user_id': '74824798', 'username': 'gruposummus'}]",,,,
266525281085452288,266525281085452288,1352379553000,2012-11-08,09:59:13,-03,32472924,farolcom,Pedro Reis,,Mulheres negras no Brasil escravista e do p√≥s-emancipa√ß√£o | FarolCom  http://fb.me/2EHpAL1G7¬†,[],['http://fb.me/2EHpAL1G7'],[],0,0,0,[],[],https://twitter.com/FarolCom/status/266525281085452288,False,,0,,,,,,,"[{'user_id': '32472924', 'username': 'FarolCom'}]",,,,
266522374734753792,266522374734753792,1352378860000,2012-11-08,09:47:40,-03,95419586,inteligemcia,Portal Inteligemcia,,Mulheres negras no Brasil escravista e do p√≥s-emancipa√ß√£o  http://bit.ly/T8soLC¬†,[],['http://bit.ly/T8soLC'],[],0,0,0,[],[],https://twitter.com/inteligemcia/status/266522374734753792,False,,0,,,,,,,"[{'user_id': '95419586', 'username': 'inteligemcia'}]",,,,
265103351866335233,265103351866335233,1352040539000,2012-11-04,11:48:59,-03,108449631,_claudiasobral,Claudia Sobral,,"Mulheres negras no Brasil escravista e do p√≥s-emancipa√ß√£o

Os temas da escravid√£o e da presen√ßa africana tiveram...  http://fb.me/1pcNmf0nk¬†",[],['http://fb.me/1pcNmf0nk'],[],0,0,0,[],[],https://twitter.com/_claudiasobral/status/265103351866335233,False,,0,,,,,,,"[{'user_id': '108449631', 'username': '_claudiasobral'}]",,,,
264715803079884800,264715803079884800,1351948140000,2012-11-03,10:09:00,-03,44508346,cliokatz,Paulo R. da Costa,,Mulheres negras no Brasil escravista e do p√≥s-emancipa√ß√£o - Portal Geled√©s  http://www.geledes.org.br/areas-de-atuacao/questoes-de-genero/265-generos-em-noticias/16145-mulheres-negras-no-brasil-escravista-e-do-pos-emancipacao¬†‚Ä¶ via @geledes,['geledes'],['http://www.geledes.org.br/areas-de-atuacao/questoes-de-genero/265-generos-em-noticias/16145-mulheres-negras-no-brasil-escravista-e-do-pos-emancipacao'],[],0,0,0,[],[],https://twitter.com/cliokatz/status/264715803079884800,False,,0,,,,,,,"[{'user_id': '44508346', 'username': 'cliokatz'}, {'user_id': '43290742', 'username': 'geledes'}]",,,,
264712385711968256,264712385711968256,1351947325000,2012-11-03,09:55:25,-03,43290742,geledes,Geled√©s Instituto da Mulher Negra,,Mulheres negras no Brasil escravista e do p√≥s-emancipa√ß√£o  http://ow.ly/eZybq¬†,[],['http://ow.ly/eZybq'],[],0,4,0,[],[],https://twitter.com/geledes/status/264712385711968256,False,,0,,,,,,,"[{'user_id': '43290742', 'username': 'geledes'}]",,,,
256803806967369729,256803806967369729,1350061773000,2012-10-12,14:09:33,-03,75380822,juliakeyse,Julia,,"Hist√≥rias das diferen√ßas e das Desigualdades Revisitadas: Notas Sobre G√™nero, Escravid√£o, Ra√ßa e P√≥s-Emancipa√ß√£o  http://www.acaoeducativa.org.br/fdh/?p=1562¬†",[],['http://www.acaoeducativa.org.br/fdh/?p=1562'],[],0,0,0,[],[],https://twitter.com/juliakeyse/status/256803806967369729,False,,0,,,,,,,"[{'user_id': '75380822', 'username': 'juliakeyse'}]",,,,
231017817309335552,231017817309335552,1343913914000,2012-08-02,10:25:14,-03,236597943,marielzal,Marielza Lima,,Palestra: Protagonismo negro no RS: temas de Pesquisa em Escravid√£o e p√≥s-emancipa√ß√£o.,[],[],[],0,0,0,[],[],https://twitter.com/MarielzaL/status/231017817309335552,False,,0,,,,,,,"[{'user_id': '236597943', 'username': 'MarielzaL'}]",,,,
78605244560449536,78605244560449536,1307575925000,2011-06-08,20:32:05,-03,139704156,anpuh,ANPUH-BRASIL #DitaduraNuncaMais,,Revista de Hist√≥ria de Manguinhos organiza numero sobre sa√∫de na escravid√£o e p√≥s-emancipa√ß√£o www.scielo.br/hcsm @fiocruz @PortalCOC,['fiocruz'],[],[],0,4,0,[],[],https://twitter.com/ANPUH/status/78605244560449536,False,,0,,,,,,,"[{'user_id': '139704156', 'username': 'ANPUH'}, {'user_id': '20045580', 'username': 'fiocruz'}]",,,,
51633045018652673,51633045018652673,1301145251000,2011-03-26,10:14:11,-03,60734951,mathfinardi,Matheus Finardi,,Aamerica pos-emancipacao politica #ns #nowstudying,[],[],[],0,0,0,"['#ns', '#nowstudying']",[],https://twitter.com/mathfinardi/status/51633045018652673,False,,0,,,,,,,"[{'user_id': '60734951', 'username': 'mathfinardi'}]",,,,
39777910076354561,39777910076354561,1298318767000,2011-02-21,17:06:07,-03,139704156,anpuh,ANPUH-BRASIL #DitaduraNuncaMais,,Revista de Hist√≥ria de Manguinhos esta organizando dossi√™ sobre Sa√∫de no contexto da escravid√£o e p√≥s-emancipa√ß√£o  http://migre.me/3Vb2U,[],[],[],0,3,0,[],[],https://twitter.com/ANPUH/status/39777910076354561,False,,0,,,,,,,"[{'user_id': '139704156', 'username': 'ANPUH'}]",,,,
19770273341,19770273341,1280351219000,2010-07-28,18:06:59,-03,158523318,copene_2010,COPENE,,Quem Foram el@s? P√≥s-emancipa√ß√£o ; mem√≥ria e Iamgem em debate no #Copene2010,[],[],[],0,0,0,['#copene2010'],[],https://twitter.com/copene_2010/status/19770273341,False,,0,,,,,,,"[{'user_id': '158523318', 'username': 'copene_2010'}]",,,,
13403457535,13403457535,1273030294000,2010-05-05,00:31:34,-03,49634673,thas_ginger,em busca de sanidade,,Como objetivos eles tentam refletir sobre os desdobramentos do p√≥s-emancipa√ß√£o e a situa√ß√£o desses negros nesse momento de transi√ß√£o.,[],[],[],0,0,0,[],[],https://twitter.com/thas_ginger/status/13403457535,False,,0,,,,,,,"[{'user_id': '49634673', 'username': 'thas_ginger'}]",,,,
10103226666,10103226666,1267932443000,2010-03-07,00:27:23,-03,120136405,contospopular,elivaldo rodrigues,,Existem muitos casos de sucesso p√≥s-emancipa√ß√£o. Esses munic√≠pios que conseguiram emancipar deram saltos enormes em todas as √†reas.,[],[],[],0,0,0,[],[],https://twitter.com/contospopular/status/10103226666,False,,0,,,,,,,"[{'user_id': '120136405', 'username': 'contospopular'}]",,,,
