id,conversation_id,created_at,date,time,timezone,user_id,username,name,place,tweet,language,mentions,urls,photos,replies_count,retweets_count,likes_count,hashtags,cashtags,link,retweet,quote_url,video,near,geo,source,user_rt_id,user_rt,retweet_id,reply_to,retweet_date,translate,trans_src,trans_dest
1287836884593500160,1287836883058384899,1595879214000,2020-07-27,16:46:54,-0300,1057277541873057792,lesimoesgomes,lesimoesgomes,,"No artigo, fazemos uma revis√£o bibliogr√°fica comparativa das literaturas sobre vi√©s algor√≠tmico (algorithmic bias) em ingl√™s, portugu√™s e espanhol.
 https://periodicos.fclar.unesp.br/estudos/article/view/13402¬†‚Ä¶
#sociologiadigital
2/3",pt,[],['https://periodicos.fclar.unesp.br/estudos/article/view/13402'],[],1,0,0,['#sociologiadigital'],[],https://twitter.com/lesimoesgomes/status/1287836884593500160,False,,0,,,,,,,"[{'user_id': '1057277541873057792', 'username': 'lesimoesgomes'}]",,,,
1291041273332117512,1291041273332117512,1596643200000,2020-08-05,13:00:00,-0300,2381578122,samsung,Samsung Electronics,,Samsung‚Äôs newest premium smartwatch makes expressing your style and managing your health and your #SamsungGalaxy devices simple and seamless #GalaxyWatch3 https://news.samsung.com/global/infographic-an-up-close-look-at-the-galaxy-watch3?utm_source=nr_twitter&utm_medium=social¬†‚Ä¶,en,[],['https://news.samsung.com/global/infographic-an-up-close-look-at-the-galaxy-watch3?utm_source=nr_twitter&utm_medium=social'],[],28,236,3436,"['#samsunggalaxy', '#galaxywatch3']",[],https://twitter.com/Samsung/status/1291041273332117512,False,,0,,,,,,,"[{'user_id': '2381578122', 'username': 'Samsung'}]",,,,
1277014254919573510,1277014252251987974,1593298898000,2020-06-27,20:01:38,-0300,1060174756165632000,socio_digital,Sociologia Digital,,#accelerateacceptance #lgbtrights #sociologia #sociologiadigital #sociologiadigitalbr,und,[],[],[],0,0,0,"['#accelerateacceptance', '#lgbtrights', '#sociologia', '#sociologiadigital', '#sociologiadigitalbr']",[],https://twitter.com/socio_digital/status/1277014254919573510,False,,0,,,,,,,"[{'user_id': '1060174756165632000', 'username': 'socio_digital'}]",,,,
1262386143405969413,1262383954327461890,1589811285000,2020-05-18,11:14:45,-0300,1217118984,leofn3,Leonardo F. Nascimento,,"Estaremos l√°!
@ericbrasiln @eliasbitencourt @do_paulo e o Jo√£o Guilherme do @inctdd
#HumanidadesDigitais
#SociologiaDigital
#HistoriaDigital pic.twitter.com/QwvnlQQraf",pt,"['ufbaempauta', 'ericbrasiln', 'eliasbitencourt', 'do_paulo', 'inctdd']",[],"['https://pbs.twimg.com/media/EYTlJkPWAAgCctM.jpg', 'https://pbs.twimg.com/media/EYTlKaEWkAAAsqH.jpg']",1,4,7,"['#humanidadesdigitais', '#sociologiadigital', '#historiadigital']",[],https://twitter.com/leofn3/status/1262386143405969413,False,,0,,,,,,,"[{'user_id': '1217118984', 'username': 'leofn3'}, {'user_id': '1007311039', 'username': 'ufbaempauta'}, {'user_id': '164290943', 'username': 'ericbrasiln'}, {'user_id': '39296194', 'username': 'eliasbitencourt'}, {'user_id': '185389270', 'username': 'do_paulo'}, {'user_id': '915948076946411520', 'username': 'inctdd'}]",,,,
1262207974556209155,1262207974556209155,1589768806000,2020-05-17,23:26:46,-0300,185389270,do_paulo,Paulo Fonseca,,"Gostei do Roy,  o @BotHumDig do @labhdufba. J√° sei ""quem"" seguir para saber mais sobre #humanidadesdigitais, #sociologiadigital e #historiadigital.  Parab√©ns,  Gabriel Andrade, @ericbrasiln e @leofn3!",pt,"['bothumdig', 'labhdufba', 'ericbrasiln', 'leofn3']",[],[],1,2,4,"['#humanidadesdigitais', '#sociologiadigital', '#historiadigital']",[],https://twitter.com/do_paulo/status/1262207974556209155,False,,0,,,,,,,"[{'user_id': '185389270', 'username': 'do_paulo'}, {'user_id': '1260394816199888904', 'username': 'BotHumDig'}, {'user_id': '1237515474755375104', 'username': 'labhdufba'}, {'user_id': '164290943', 'username': 'ericbrasiln'}, {'user_id': '1217118984', 'username': 'leofn3'}]",,,,
1260230289999179776,1260230289999179776,1589297289000,2020-05-12,12:28:09,-0300,1217118984,leofn3,Leonardo F. Nascimento,,"√â hoje!
 https://conferenciaweb.rnp.br/events/imaginarios-da-pandemia-na-plataforma-digital-instagram¬†‚Ä¶
#M√©todosDigitais
#SociologiaDigital
#HumanidadesDigitais
#PerformatividadeAlgor√≠tmica
#COVID19 pic.twitter.com/RzkHPyXtEL",pt,[],['https://conferenciaweb.rnp.br/events/imaginarios-da-pandemia-na-plataforma-digital-instagram'],['https://pbs.twimg.com/media/EX08Wt4WAAAxeqH.jpg'],0,0,1,"['#m√©todosdigitais', '#sociologiadigital', '#humanidadesdigitais', '#performatividadealgor√≠tmica', '#covid19']",[],https://twitter.com/leofn3/status/1260230289999179776,False,,0,,,,,,,"[{'user_id': '1217118984', 'username': 'leofn3'}]",,,,
1226827245634904066,1226827245634904066,1581333383000,2020-02-10,08:16:23,-0300,1060174756165632000,socio_digital,Sociologia Digital,,"Sempre assim...

#universidadeparatodos #universidade #educacao #educacaoparatodos #semcorte #SociologiaDigitalBR #SociologiaDigital  pic.twitter.com/Wv5DbIDYO4",pt,[],[],['https://pbs.twimg.com/media/EQaQ4IEX0AA15Yr.jpg'],0,0,0,"['#universidadeparatodos', '#universidade', '#educacao', '#educacaoparatodos', '#semcorte', '#sociologiadigitalbr', '#sociologiadigital']",[],https://twitter.com/socio_digital/status/1226827245634904066,False,,0,,,,,,,"[{'user_id': '1060174756165632000', 'username': 'socio_digital'}]",,,,
1225072102727962624,1225071863900069888,1580914924000,2020-02-05,12:02:04,-0300,1214531946061213696,hdrio2020,HDRio2020,,"S√£o esperadas contribui√ß√µes nos seguintes t√≥picos:
#RedesSociais (#Fen√¥menoSocial);
#Crowdsourcing;
#CidadesDigitais,
#CidadesInteligentes;
#Ciberativismo,
#Cibercultura,
#Ciberdemocracia,
#Ciberseguran√ßa;
#Mobilidade;
#Antropologia #SociologiaDigital;
#EaD #educa√ß√£o√†dist√¢ncia",pt,[],[],[],1,1,0,"['#redessociais', '#fen√¥menosocial', '#crowdsourcing', '#cidadesdigitais', '#cidadesinteligentes', '#ciberativismo', '#cibercultura', '#ciberdemocracia', '#ciberseguran√ßa', '#mobilidade', '#antropologia', '#sociologiadigital', '#ead', '#educa√ß√£o√†dist√¢ncia']",[],https://twitter.com/HDRio2020/status/1225072102727962624,False,,0,,,,,,,"[{'user_id': '1214531946061213696', 'username': 'HDRio2020'}]",,,,
1221782584650276865,1221782584650276865,1580130642000,2020-01-27,10:10:42,-0300,1060174756165632000,socio_digital,Sociologia Digital,,"#Repost @boitempo
‚Ä¢ ‚Ä¢ ‚Ä¢ ‚Ä¢ ‚Ä¢ ‚Ä¢
VIVA ANGELA DAVIS! ‚ù§Ô∏è
‚†Ä
Hoje √© anivers√°rio dela. E ainda n√£o superamos a visita do ano passado ao Brasil.  

#AngelaDavis #leiaangeladavis #esquerda #comunista #comunismo #SociologiaDigital #SociologiaDigitalBR pic.twitter.com/4TmnJLvZ86",pt,['boitempo'],[],['https://pbs.twimg.com/media/EPSkvZ_XsAAYzJr.jpg'],0,0,1,"['#repost', '#angeladavis', '#leiaangeladavis', '#esquerda', '#comunista', '#comunismo', '#sociologiadigital', '#sociologiadigitalbr']",[],https://twitter.com/socio_digital/status/1221782584650276865,False,,0,,,,,,,"[{'user_id': '1060174756165632000', 'username': 'socio_digital'}, {'user_id': '85174490', 'username': 'boitempo'}]",,,,
1219213459407196160,1219200631912706048,1579518115000,2020-01-20,08:01:55,-0300,287659745,teknokultura,Revista Teknokultura,,"Tem√°ticas abiertas: 
#Sociolog√≠aDigital
#Pol√≠ticadePlataformas
#Derechoalgor√≠timico y #gubernamentalidadalgor√≠tima
#Biopol√≠tica, #racismo y #sexismo
#Antropolog√≠aDigital
#Econom√≠apol√≠tica y #capitalismodigital
#digitalwelfareState",es,['crendueles'],[],[],0,0,0,"['#sociolog√≠adigital', '#pol√≠ticadeplataformas', '#derechoalgor√≠timico', '#gubernamentalidadalgor√≠tima', '#biopol√≠tica', '#racismo', '#sexismo', '#antropolog√≠adigital', '#econom√≠apol√≠tica', '#capitalismodigital', '#digitalwelfarestate']",[],https://twitter.com/teknokultura/status/1219213459407196160,False,,0,,,,,,,"[{'user_id': '287659745', 'username': 'teknokultura'}, {'user_id': '1389030638', 'username': 'crendueles'}]",,,,
1194633358464016386,1194633358464016386,1573657762000,2019-11-13,12:09:22,-0300,1060174756165632000,socio_digital,Sociologia Digital,,"√â ou n√£o √© ou n√£o √©? √â!
„Ö§
Repost @saquinhodelixo
„Ö§
#SociologiaDigitalBR #SociologiaDigital #Memes #Filosofia #Politica pic.twitter.com/swzLqQ4fKl",pt,['saquinhodelixo'],[],['https://pbs.twimg.com/media/EJQwtCDVAAEsLOC.jpg'],0,0,0,"['#sociologiadigitalbr', '#sociologiadigital', '#memes', '#filosofia', '#politica']",[],https://twitter.com/socio_digital/status/1194633358464016386,False,,0,,,,,,,"[{'user_id': '1060174756165632000', 'username': 'socio_digital'}, {'user_id': '1118368423422119936', 'username': 'saquinhodelixo'}]",,,,
1192923711994843136,1192923711994843136,1573250151000,2019-11-08,18:55:51,-0300,1060174756165632000,socio_digital,Sociologia Digital,,"Limonada de bolsominions.

#LulaLivreAgora #LulaLivre #STF #Politica #SociologiaDigitalBR #SociologiaDigital #vazajato pic.twitter.com/3KPqYYUt9H",pt,[],[],['https://pbs.twimg.com/media/EI4dyPJW4AM0DXT.jpg'],0,0,0,"['#lulalivreagora', '#lulalivre', '#stf', '#politica', '#sociologiadigitalbr', '#sociologiadigital', '#vazajato']",[],https://twitter.com/socio_digital/status/1192923711994843136,False,,0,,,,,,,"[{'user_id': '1060174756165632000', 'username': 'socio_digital'}]",,,,
1192920150430887937,1192920150430887937,1573249301000,2019-11-08,18:41:41,-0300,1060174756165632000,socio_digital,Sociologia Digital,,"J√Å√Å√Å√Å√Å!!!!!

#LulaLivre #LulaLivreAgora #politica #stf #SociologiaDigitalBR #SociologiaDigital  pic.twitter.com/Wa9CYlvTCI",und,[],[],['https://pbs.twimg.com/media/EI4aioMXsAEeAmW.jpg'],0,0,0,"['#lulalivre', '#lulalivreagora', '#politica', '#stf', '#sociologiadigitalbr', '#sociologiadigital']",[],https://twitter.com/socio_digital/status/1192920150430887937,False,,0,,,,,,,"[{'user_id': '1060174756165632000', 'username': 'socio_digital'}]",,,,
1192823803606437888,1192823803606437888,1573226331000,2019-11-08,12:18:51,-0300,1060174756165632000,socio_digital,Sociologia Digital,,"#Repost @J_LIVRES
‚Ä¢ ‚Ä¢ ‚Ä¢ ‚Ä¢ ‚Ä¢ ‚Ä¢
Com a decis√£o do STF hoje, injusti√ßas ser√£o corrigidas. #lulalivre #rafaelbragalivre #SociologiaDigitalBR #SociologiaDigital #Pol√≠tica #politica #stf #vazajato pic.twitter.com/R5C7yWna2M",pt,['j_livres'],[],['https://pbs.twimg.com/media/EI3C7CcWkAEbMRO.jpg'],0,0,0,"['#repost', '#lulalivre', '#rafaelbragalivre', '#sociologiadigitalbr', '#sociologiadigital', '#pol√≠tica', '#politica', '#stf', '#vazajato']",[],https://twitter.com/socio_digital/status/1192823803606437888,False,,0,,,,,,,"[{'user_id': '1060174756165632000', 'username': 'socio_digital'}, {'user_id': '3090382647', 'username': 'J_LIVRES'}]",,,,
1192822785648840706,1192822785648840706,1573226088000,2019-11-08,12:14:48,-0300,1060174756165632000,socio_digital,Sociologia Digital,,"Relaxa galera, que na mat√©ria dele n√£o tem PROVAS
#vazajato #LulaLivre #LulaLivreJa #SociologiaDigitalBR #SociologiaDigital  pic.twitter.com/L91w3gxGVm",pt,[],[],['https://pbs.twimg.com/media/EI3B9zGWkAIEHKV.jpg'],0,3,9,"['#vazajato', '#lulalivre', '#lulalivreja', '#sociologiadigitalbr', '#sociologiadigital']",[],https://twitter.com/socio_digital/status/1192822785648840706,False,,0,,,,,,,"[{'user_id': '1060174756165632000', 'username': 'socio_digital'}]",,,,
1192354587723870208,1192354587723870208,1573114461000,2019-11-07,05:14:21,-0300,1060174756165632000,socio_digital,Sociologia Digital,,"O presidente chega aos 300 dias de gest√£o carregando nas costas projetos impopulares,¬†promessas de crescimento n√£o alcan√ßadas, declara√ß√µes pol√™micas e graves acusa√ß√µes contra ele e seus filhos. 
#SociologiaDigital #politica #bolsonarco #desgoverno #caixa2bolsonaro #laranjalPSL pic.twitter.com/dWeeRGKSna",pt,[],[],['https://pbs.twimg.com/media/EIwYLPuX0AAxFf7.jpg'],0,0,0,"['#sociologiadigital', '#politica', '#bolsonarco', '#desgoverno', '#caixa2bolsonaro', '#laranjalpsl']",[],https://twitter.com/socio_digital/status/1192354587723870208,False,,0,,,,,,,"[{'user_id': '1060174756165632000', 'username': 'socio_digital'}]",,,,
1192312885172690947,1192312885172690947,1573104518000,2019-11-07,02:28:38,-0300,1060174756165632000,socio_digital,Sociologia Digital,,"S√≥ por deus... ü§¶‚Äç‚ôÄÔ∏è
#SociologiaDigitalBR #SociologiaDigital  pic.twitter.com/XNeaDsP4Pi",pt,[],[],['https://pbs.twimg.com/media/EIvyPwrWoAAvYd2.jpg'],0,0,0,"['#sociologiadigitalbr', '#sociologiadigital']",[],https://twitter.com/socio_digital/status/1192312885172690947,False,,0,,,,,,,"[{'user_id': '1060174756165632000', 'username': 'socio_digital'}]",,,,
1192312278626033664,1192312278626033664,1573104373000,2019-11-07,02:26:13,-0300,1060174756165632000,socio_digital,Sociologia Digital,,"Boa noite üåÉüòëüò¥
#SociologiaDigitalBR #SociologiaDigital  pic.twitter.com/GPj5C8Wfh2",pt,[],[],['https://pbs.twimg.com/media/EIvxsroX0AAWvDh.jpg'],0,0,0,"['#sociologiadigitalbr', '#sociologiadigital']",[],https://twitter.com/socio_digital/status/1192312278626033664,False,,0,,,,,,,"[{'user_id': '1060174756165632000', 'username': 'socio_digital'}]",,,,
1192302996790616064,1192302996790616064,1573102161000,2019-11-07,01:49:21,-0300,1060174756165632000,socio_digital,Sociologia Digital,,"#Repost @senadofederal
‚Ä¢ ‚Ä¢ ‚Ä¢ ‚Ä¢ ‚Ä¢ ‚Ä¢
‚†Ä
A proposta altera o artigo quinto da Constitui√ß√£o Federal, que passa a prever o feminic√≠dio no rol dos crimes imprescrit√≠veis e inafian√ß√°veis.

#SociologiaDigitalBR #SociologiaDigital #feminicidio #politica #leis #senadofederal pic.twitter.com/NPOMrApBun",pt,['senadofederal'],[],['https://pbs.twimg.com/media/EIvpQR_WoAA92fG.jpg'],0,0,0,"['#repost', '#sociologiadigitalbr', '#sociologiadigital', '#feminicidio', '#politica', '#leis', '#senadofederal']",[],https://twitter.com/socio_digital/status/1192302996790616064,False,,0,,,,,,,"[{'user_id': '1060174756165632000', 'username': 'socio_digital'}, {'user_id': '40095953', 'username': 'SenadoFederal'}]",,,,
1191488095427997696,1191488095427997696,1572907873000,2019-11-04,19:51:13,-0300,1060174756165632000,socio_digital,Sociologia Digital,,#universidadelivre #universidadeparatodos #educacao #sociologiadigital #sociologiadigitalbr pic.twitter.com/UoIVOQPUBC,und,[],[],['https://pbs.twimg.com/media/EIkEG7gX0AAwTW9.jpg'],0,0,0,"['#universidadelivre', '#universidadeparatodos', '#educacao', '#sociologiadigital', '#sociologiadigitalbr']",[],https://twitter.com/socio_digital/status/1191488095427997696,False,,0,,,,,,,"[{'user_id': '1060174756165632000', 'username': 'socio_digital'}]",,,,
1191077730978271232,1191077730978271232,1572810034000,2019-11-03,16:40:34,-0300,1060174756165632000,socio_digital,Sociologia Digital,,"Tema da reda√ß√£o do #Enem2019: Democratiza√ß√£o do acesso ao cinema no Brasil.

#cinemabrasileiro #cinema #enem #SociologiaDigitalBR #SociologiaDigital  pic.twitter.com/Tv15qKAbJz",pt,[],[],['https://pbs.twimg.com/media/EIeO4UCWsAEzQWJ.jpg'],0,0,1,"['#enem2019', '#cinemabrasileiro', '#cinema', '#enem', '#sociologiadigitalbr', '#sociologiadigital']",[],https://twitter.com/socio_digital/status/1191077730978271232,False,,0,,,,,,,"[{'user_id': '1060174756165632000', 'username': 'socio_digital'}]",,,,
1191035684179644418,1191035684179644418,1572800010000,2019-11-03,13:53:30,-0300,1060174756165632000,socio_digital,Sociologia Digital,,"Primeiro dia de #Enem2019, os port√µes j√° foram fechados. Hoje ser√£o 90 quest√µes de ci√™ncias humanas, reda√ß√£o e linguagens.

#enem #educacao #conhecimento #universidadeparatodos #universidadelivre #SociologiaDigital #SociologiaDigitalBR pic.twitter.com/1fQmaZhFDU",pt,[],[],['https://pbs.twimg.com/media/EIdoo9aWwAEBu_l.jpg'],0,0,0,"['#enem2019', '#enem', '#educacao', '#conhecimento', '#universidadeparatodos', '#universidadelivre', '#sociologiadigital', '#sociologiadigitalbr']",[],https://twitter.com/socio_digital/status/1191035684179644418,False,,0,,,,,,,"[{'user_id': '1060174756165632000', 'username': 'socio_digital'}]",,,,
1291041273332117512,1291041273332117512,1596643200000,2020-08-05,13:00:00,-0300,2381578122,samsung,Samsung Electronics,,Samsung‚Äôs newest premium smartwatch makes expressing your style and managing your health and your #SamsungGalaxy devices simple and seamless #GalaxyWatch3 https://news.samsung.com/global/infographic-an-up-close-look-at-the-galaxy-watch3?utm_source=nr_twitter&utm_medium=social¬†‚Ä¶,en,[],['https://news.samsung.com/global/infographic-an-up-close-look-at-the-galaxy-watch3?utm_source=nr_twitter&utm_medium=social'],[],28,236,3436,"['#samsunggalaxy', '#galaxywatch3']",[],https://twitter.com/Samsung/status/1291041273332117512,False,,0,,,,,,,"[{'user_id': '2381578122', 'username': 'Samsung'}]",,,,
1190723944967479298,1190723944967479298,1572725685000,2019-11-02,17:14:45,-0300,1060174756165632000,socio_digital,Sociologia Digital,,"Com voc√™s, o novo logo do Minist√©rio da Economia. Saudades de quando encontr√°vamos Chico Xavier nos logos brasileiros.

#SociologiaDigital #SociologiaDigitalBR #Economia #Politica #Political #Politicalmemes pic.twitter.com/NvBYcBHUKC",pt,[],[],['https://pbs.twimg.com/media/EIZNHi0WsAEdu8J.png'],0,0,0,"['#sociologiadigital', '#sociologiadigitalbr', '#economia', '#politica', '#political', '#politicalmemes']",[],https://twitter.com/socio_digital/status/1190723944967479298,False,,0,,,,,,,"[{'user_id': '1060174756165632000', 'username': 'socio_digital'}]",,,,
1190722789420019714,1190722789420019714,1572725410000,2019-11-02,17:10:10,-0300,1060174756165632000,socio_digital,Sociologia Digital,,"Recentemente o Ministro da Pesca afirmou que os peixes s√£o inteligentes e fogem do √≥leo.

#oleononordeste #nordeste #meioambiente #SociologiaDigital #SociologiaDigitalBR #Politica #Political #Politicalmemes pic.twitter.com/2xKdLU7208",pt,[],[],['https://pbs.twimg.com/media/EIZMERqWoAEiPLf.jpg'],0,0,0,"['#oleononordeste', '#nordeste', '#meioambiente', '#sociologiadigital', '#sociologiadigitalbr', '#politica', '#political', '#politicalmemes']",[],https://twitter.com/socio_digital/status/1190722789420019714,False,,0,,,,,,,"[{'user_id': '1060174756165632000', 'username': 'socio_digital'}]",,,,
1190722129332973568,1190722129332973568,1572725252000,2019-11-02,17:07:32,-0300,1060174756165632000,socio_digital,Sociologia Digital,,"‚Äî √â incontest√°vel a exist√™ncia de fortes ind√≠cios no sentido de que [...] foi o navio envolvido com o vazamento de petr√≥leo que gerou uma polui√ß√£o marinha sem precedentes na hist√≥ria do Brasil

#oleononordeste #nordeste #meioambiente #SociologiaDigital #Political #Politicalmemes pic.twitter.com/we9yEIKFWH",pt,[],[],['https://pbs.twimg.com/media/EIZLdyHWwAIcIGn.png'],0,0,1,"['#oleononordeste', '#nordeste', '#meioambiente', '#sociologiadigital', '#political', '#politicalmemes']",[],https://twitter.com/socio_digital/status/1190722129332973568,False,,0,,,,,,,"[{'user_id': '1060174756165632000', 'username': 'socio_digital'}]",,,,
1190720339782692864,1190720339782692864,1572724826000,2019-11-02,17:00:26,-0300,1060174756165632000,socio_digital,Sociologia Digital,,"A gente sabe quem n√£o √© inteligente...

#SociologiaDigital #SociologiaDigitalBR #Politica #Political #Politicalmemes pic.twitter.com/scyIOBJPdj",pt,[],[],['https://pbs.twimg.com/media/EIZJ1qSWoAAWFqB.png'],0,0,0,"['#sociologiadigital', '#sociologiadigitalbr', '#politica', '#political', '#politicalmemes']",[],https://twitter.com/socio_digital/status/1190720339782692864,False,,0,,,,,,,"[{'user_id': '1060174756165632000', 'username': 'socio_digital'}]",,,,
1190719455359361025,1190719455359361025,1572724615000,2019-11-02,16:56:55,-0300,1060174756165632000,socio_digital,Sociologia Digital,,"Com voc√™s, a senhora do 58, ops... quero dizer, 17.

#SociologiaDigital #SociologiaDigitalBR #Politica #Political #Politicalmemes pic.twitter.com/zTnaYkbOqV",pt,[],[],['https://pbs.twimg.com/media/EIZJCMwWwAEZQMV.jpg'],0,0,0,"['#sociologiadigital', '#sociologiadigitalbr', '#politica', '#political', '#politicalmemes']",[],https://twitter.com/socio_digital/status/1190719455359361025,False,,0,,,,,,,"[{'user_id': '1060174756165632000', 'username': 'socio_digital'}]",,,,
1187057768894750721,1187057768894750721,1571851601000,2019-10-23,14:26:41,-0300,1060174756165632000,socio_digital,Sociologia Digital,,"#Repost @o_ribs
#SociologiaDigitalBR #SociologiaDigital #desastreambiental #caixa2bolsonaro #bolsonarofoge #bolsonarco #politica #meioambiente 
‚Ä¢ ‚Ä¢ ‚Ä¢ ‚Ä¢ ‚Ä¢ ‚Ä¢
Estado policial pic.twitter.com/iRfkaLQTwt",es,['o_ribs'],[],['https://pbs.twimg.com/media/EHlGvoeXkAA8YIX.jpg'],0,0,0,"['#repost', '#sociologiadigitalbr', '#sociologiadigital', '#desastreambiental', '#caixa2bolsonaro', '#bolsonarofoge', '#bolsonarco', '#politica', '#meioambiente']",[],https://twitter.com/socio_digital/status/1187057768894750721,False,,0,,,,,,,"[{'user_id': '1060174756165632000', 'username': 'socio_digital'}, {'user_id': '758526102', 'username': 'o_ribs'}]",,,,
1186365826695421958,1186365826695421958,1571686629000,2019-10-21,16:37:09,-0300,1060174756165632000,socio_digital,Sociologia Digital,,"""Se n√£o conseguem ver, precisam tirar o capacete, se tiram o capacete n√£o podem usar g√°s"" (Pedro Ekman).

#SociologiaDigital #SociologiaDigitalBR #DitaduraNuncaMais #PoliciaMata pic.twitter.com/LR6G3JfqQ3",pt,[],[],['https://pbs.twimg.com/media/EHbRbm4XkAAF3uf.jpg'],0,0,0,"['#sociologiadigital', '#sociologiadigitalbr', '#ditaduranuncamais', '#policiamata']",[],https://twitter.com/socio_digital/status/1186365826695421958,False,,0,,,,,,,"[{'user_id': '1060174756165632000', 'username': 'socio_digital'}]",,,,
1186361629006598144,1186361629006598144,1571685628000,2019-10-21,16:20:28,-0300,1060174756165632000,socio_digital,Sociologia Digital,,"ü§¶ #SociologiaDigital #SociologiaDigitalBR #crisediplomatica #amazonia #elenao #bolsonarco #laranjaldoPSL #vazajato #politica #economia
„Ö§
 https://buff.ly/35PoQKh¬† pic.twitter.com/gm9inKCnAC",ko,[],['https://buff.ly/35PoQKh'],"['https://pbs.twimg.com/media/EHbNnU5XUAAnqFd.jpg', 'https://pbs.twimg.com/media/EHbNnU6WsAQHbzp.jpg']",0,0,0,"['#sociologiadigital', '#sociologiadigitalbr', '#crisediplomatica', '#amazonia', '#elenao', '#bolsonarco', '#laranjaldopsl', '#vazajato', '#politica', '#economia']",[],https://twitter.com/socio_digital/status/1186361629006598144,False,,0,,,,,,,"[{'user_id': '1060174756165632000', 'username': 'socio_digital'}]",,,,
1186360596389863426,1186360596389863426,1571685382000,2019-10-21,16:16:22,-0300,1060174756165632000,socio_digital,Sociologia Digital,,"As reinvidica√ß√µes dos trabalhadores s√£o muitas, entre elas, o direito de receberem o pagamento dos sal√°rios deste m√™s.
„Ö§
#SociologiaDigital #SociologiaDigitalBR #JoaoPessoa #direitostrabalhistas #CLT #transporte #politica pic.twitter.com/kBzRndRTNT",pt,[],[],['https://pbs.twimg.com/media/EHbMrLRX0AMtilE.jpg'],0,0,0,"['#sociologiadigital', '#sociologiadigitalbr', '#joaopessoa', '#direitostrabalhistas', '#clt', '#transporte', '#politica']",[],https://twitter.com/socio_digital/status/1186360596389863426,False,,0,,,,,,,"[{'user_id': '1060174756165632000', 'username': 'socio_digital'}]",,,,
1186356745746210816,1186356745746210816,1571684464000,2019-10-21,16:01:04,-0300,1060174756165632000,socio_digital,Sociologia Digital,,"Plano de emerg√™ncia para desastres ambientais. 
„Ö§
@crisvector / @designativista
„Ö§
#crimeambiental #bolsonarco #sociologiadigital #sociologiadigitalbr pic.twitter.com/MGFazci21G",pt,"['crisvector', 'designativista']",[],['https://pbs.twimg.com/media/EHbJLD6X4AE2MiP.jpg'],0,0,1,"['#crimeambiental', '#bolsonarco', '#sociologiadigital', '#sociologiadigitalbr']",[],https://twitter.com/socio_digital/status/1186356745746210816,False,,0,,,,,,,"[{'user_id': '1060174756165632000', 'username': 'socio_digital'}, {'user_id': '17984064', 'username': 'crisvector'}, {'user_id': '1099321891574239232', 'username': 'designativista'}]",,,,
1186350276627910657,1186350276627910657,1571682921000,2019-10-21,15:35:21,-0300,1060174756165632000,socio_digital,Sociologia Digital,,"Neg√≥cio de fam√≠lia....

#SociologiaDigital #SociologiaDigitalBR #elenao #caixa2bolsonaro #vazajato #pol√≠tica #laranjaldoPSL #bolsonarco https://g1.globo.com/politica/noticia/2019/10/21/eduardo-bolsonaro-e-o-novo-lider-do-psl-na-camara.ghtml?utm_source=facebook&utm_medium=social&utm_content=post&utm_campaign=g1&fbclid=IwAR1-zpMqzMoYPfFGcrYDekRzQCo6_yPPnR0QTpIIlxuWtjoHu_PJPzh8AbA¬†‚Ä¶",pt,[],['https://g1.globo.com/politica/noticia/2019/10/21/eduardo-bolsonaro-e-o-novo-lider-do-psl-na-camara.ghtml?utm_source=facebook&utm_medium=social&utm_content=post&utm_campaign=g1&fbclid=IwAR1-zpMqzMoYPfFGcrYDekRzQCo6_yPPnR0QTpIIlxuWtjoHu_PJPzh8AbA'],[],0,1,0,"['#sociologiadigital', '#sociologiadigitalbr', '#elenao', '#caixa2bolsonaro', '#vazajato', '#pol√≠tica', '#laranjaldopsl', '#bolsonarco']",[],https://twitter.com/socio_digital/status/1186350276627910657,False,,0,,,,,,,"[{'user_id': '1060174756165632000', 'username': 'socio_digital'}]",,,,
1186346921121779714,1186346921121779714,1571682121000,2019-10-21,15:22:01,-0300,1060174756165632000,socio_digital,Sociologia Digital,,#sociologiadigital #sociologiadigitalBR pic.twitter.com/b0mQs7FB0k,und,[],[],['https://pbs.twimg.com/media/EHbAPOSX0AAt4zL.jpg'],0,0,0,"['#sociologiadigital', '#sociologiadigitalbr']",[],https://twitter.com/socio_digital/status/1186346921121779714,False,,0,,,,,,,"[{'user_id': '1060174756165632000', 'username': 'socio_digital'}]",,,,
1186346657262325760,1186346657262325760,1571682059000,2019-10-21,15:20:59,-0300,1060174756165632000,socio_digital,Sociologia Digital,,"A folha em branco...

#sociologiadigital #sociologiadigitalBR #humor pic.twitter.com/WQUKe1J8L1",pt,[],[],['https://pbs.twimg.com/media/EHa__19XUAEretv.jpg'],0,0,1,"['#sociologiadigital', '#sociologiadigitalbr', '#humor']",[],https://twitter.com/socio_digital/status/1186346657262325760,False,,0,,,,,,,"[{'user_id': '1060174756165632000', 'username': 'socio_digital'}]",,,,
1185381380085243904,1185381380085243904,1571451918000,2019-10-18,23:25:18,-0300,1060174756165632000,socio_digital,Sociologia Digital,,üò¨ #SociologiaDigital #SociologiaDigitalBR #LaranjaldoPSL #Bolsonarco pic.twitter.com/v7Lx55hweT,und,[],[],['https://pbs.twimg.com/media/EHNSFTuWkAEiRGh.jpg'],0,0,0,"['#sociologiadigital', '#sociologiadigitalbr', '#laranjaldopsl', '#bolsonarco']",[],https://twitter.com/socio_digital/status/1185381380085243904,False,,0,,,,,,,"[{'user_id': '1060174756165632000', 'username': 'socio_digital'}]",,,,
1184784151687368705,1184532565937528833,1571309528000,2019-10-17,07:52:08,-0300,1217118984,leofn3,Leonardo F. Nascimento,,"Com quem mais seria!?
;-p
#s
F
#digitalsociology #SociologiaDigital",pt,"['okra_barreto', 'malfeitona']",[],[],0,0,1,"['#s', '#digitalsociology', '#sociologiadigital']",[],https://twitter.com/leofn3/status/1184784151687368705,False,,0,,,,,,,"[{'user_id': '1217118984', 'username': 'leofn3'}, {'user_id': '1000032762064199680', 'username': 'okRa_Barreto'}, {'user_id': '925021876748943360', 'username': 'malfeitona'}]",,,,
1184593621024231435,1184593621024231435,1571264102000,2019-10-16,19:15:02,-0300,1060174756165632000,socio_digital,Sociologia Digital,,"J√° dizia o velhinho comunista!

#SociologiaDigitalBR #SociologiaDigital #karlmarx #memescomunistas pic.twitter.com/1jChIXEgWv",pt,[],[],['https://pbs.twimg.com/media/EHCFnfLXUAE0Y4p.jpg'],0,0,1,"['#sociologiadigitalbr', '#sociologiadigital', '#karlmarx', '#memescomunistas']",[],https://twitter.com/socio_digital/status/1184593621024231435,False,,0,,,,,,,"[{'user_id': '1060174756165632000', 'username': 'socio_digital'}]",,,,
1184592505871962113,1184592505871962113,1571263836000,2019-10-16,19:10:36,-0300,1060174756165632000,socio_digital,Sociologia Digital,,"#Repost @conversaafiada
#SociologiaDigitalBR
#SociologiaDigital
‚†Ä
‚Ä¢ ‚Ä¢ ‚Ä¢ ‚Ä¢ ‚Ä¢ ‚Ä¢
A metade mais pobre da popula√ß√£o, quase 104 milh√µes de pessoas, vivia com apenas R$ 413 mensais. No outro extremo, o 1% mais rico - somente 2,1 milh√µes de pessoas - tinha renda m√©dia de R$ 16.297  pic.twitter.com/ZIQrBRCT57",pt,['conversaafiada'],[],['https://pbs.twimg.com/media/EHCEmMnWkAIaGvU.jpg'],0,0,0,"['#repost', '#sociologiadigitalbr', '#sociologiadigital']",[],https://twitter.com/socio_digital/status/1184592505871962113,False,,0,,,,,,,"[{'user_id': '1060174756165632000', 'username': 'socio_digital'}, {'user_id': '17229791', 'username': 'ConversaAfiada'}]",,,,
1182348321857458177,1182348321857458177,1570728781000,2019-10-10,14:33:01,-0300,1060174756165632000,socio_digital,Sociologia Digital,,"Mais uma conquista! #sqn
#SociologiaDigitalBR #SociologiaDigital #OCDE #elenao #isolamentoBR pic.twitter.com/cH6tl6lKfk",pt,[],[],['https://pbs.twimg.com/media/EGiLh0dXYAEcuty.jpg'],0,0,0,"['#sqn', '#sociologiadigitalbr', '#sociologiadigital', '#ocde', '#elenao', '#isolamentobr']",[],https://twitter.com/socio_digital/status/1182348321857458177,False,,0,,,,,,,"[{'user_id': '1060174756165632000', 'username': 'socio_digital'}]",,,,
1182278545873260544,1182278545873260544,1570712145000,2019-10-10,09:55:45,-0300,1060174756165632000,socio_digital,Sociologia Digital,,"√â brincadeira, talkey?

#SociologiaDigitalBR #SociologiaDigital #Brasil #Politica pic.twitter.com/o58ZJ4CFRY",pt,[],[],['https://pbs.twimg.com/media/EGhMEjSXUAAt0Pz.jpg'],0,0,1,"['#sociologiadigitalbr', '#sociologiadigital', '#brasil', '#politica']",[],https://twitter.com/socio_digital/status/1182278545873260544,False,,0,,,,,,,"[{'user_id': '1060174756165632000', 'username': 'socio_digital'}]",,,,
1182015447576858626,1182015447576858626,1570649418000,2019-10-09,16:30:18,-0300,1060174756165632000,socio_digital,Sociologia Digital,,"Rumo ao ostracismo
„Ö§
Entidades do Brasil e do exterior atacam pol√≠tica do governo para os direitos humanos; manifesto diz que o pa√≠s 'n√£o tem condi√ß√µes m√≠nimas' para continuar no √≥rg√£o.
„Ö§
#Politica #SociologiaDigital #SociologiaDigitalBR #ONU #direitoshumanos #Brasil pic.twitter.com/HKGrb3rP86",pt,[],[],['https://pbs.twimg.com/media/EGdcyN2WsAAJgbI.png'],0,0,0,"['#politica', '#sociologiadigital', '#sociologiadigitalbr', '#onu', '#direitoshumanos', '#brasil']",[],https://twitter.com/socio_digital/status/1182015447576858626,False,,0,,,,,,,"[{'user_id': '1060174756165632000', 'username': 'socio_digital'}]",,,,
1291026172361367554,1291026172361367554,1596639600000,2020-08-05,12:00:00,-0300,2381578122,samsung,Samsung Electronics,,"Stay productive, connected, and healthy in this new era with the newest #SamsungGalaxy wearables #GalaxyWatch3 #GalaxyBudsLive https://news.samsung.com/global/galaxy-watch3-and-galaxy-buds-live-now-available?utm_source=nr_twitter&utm_medium=social¬†‚Ä¶",en,[],['https://news.samsung.com/global/galaxy-watch3-and-galaxy-buds-live-now-available?utm_source=nr_twitter&utm_medium=social'],[],35,124,3403,"['#samsunggalaxy', '#galaxywatch3', '#galaxybudslive']",[],https://twitter.com/Samsung/status/1291026172361367554,False,,0,,,,,,,"[{'user_id': '2381578122', 'username': 'Samsung'}]",,,,
1181706963912200192,1181706963912200192,1570575869000,2019-10-08,20:04:29,-0300,1060174756165632000,socio_digital,Sociologia Digital,,"‚ÄúNa elei√ß√£o brasileira do ano passado houve a atua√ß√£o de empresas fornecedoras de envios maci√ßos de mensagens, q violaram nossos termos para atingir um grande n√∫mero de pessoas‚Äù, afirmou Ben Supple.

#vazajato #bolsonarco #caixa2bolsonaro #SociologiaDigitalBR #SociologiaDigital  pic.twitter.com/bCDxhIZLQE",pt,[],[],['https://pbs.twimg.com/media/EGZENVlXkAEPg3Y.jpg'],0,0,1,"['#vazajato', '#bolsonarco', '#caixa2bolsonaro', '#sociologiadigitalbr', '#sociologiadigital']",[],https://twitter.com/socio_digital/status/1181706963912200192,False,,0,,,,,,,"[{'user_id': '1060174756165632000', 'username': 'socio_digital'}]",,,,
1181236204307668997,1181236204307668997,1570463632000,2019-10-07,12:53:52,-0300,1060174756165632000,socio_digital,Sociologia Digital,,"#Repost @GuilhermeBoulos
#SociologiaDigitalBR #SociologiaDigital
„Ö§
‚Ä¢ ‚Ä¢ ‚Ä¢ ‚Ä¢ ‚Ä¢ ‚Ä¢
Muito grave!
„Ö§
#vazajato #bolsonarco #elenao #caixa2bolsonaro pic.twitter.com/4bxuXG7clQ",ko,['guilhermeboulos'],[],['https://pbs.twimg.com/media/EGSYEHWWsAAXSpz.jpg'],0,0,0,"['#repost', '#sociologiadigitalbr', '#sociologiadigital', '#vazajato', '#bolsonarco', '#elenao', '#caixa2bolsonaro']",[],https://twitter.com/socio_digital/status/1181236204307668997,False,,0,,,,,,,"[{'user_id': '1060174756165632000', 'username': 'socio_digital'}, {'user_id': '762402774260875265', 'username': 'GuilhermeBoulos'}]",,,,
1181234651496697857,1181234651496697857,1570463261000,2019-10-07,12:47:41,-0300,1060174756165632000,socio_digital,Sociologia Digital,,"#Repost @chargesdoniniu
#SociologiaDigitalBR #SociologiaDigital
‚Ä¢ ‚Ä¢ ‚Ä¢ ‚Ä¢ ‚Ä¢ ‚Ä¢
‚†Ä‚†Ä
üçÄ ‚†Ä‚†Ä ‚†Ä
‚†Ä‚†Ä ‚†Ä
#chargesdoniniu #comics #chargedodia #cartum #quadrinhos #tirinhas #outcaultquadrinhos #vida #fakenews #fake #conveniencia #conveni√™ncia #conveniencias #vazajato #bolsonarco pic.twitter.com/BKu3pCJntJ",und,['chargesdoniniu'],[],['https://pbs.twimg.com/media/EGSWprhWwAAgyv_.jpg'],0,0,1,"['#repost', '#sociologiadigitalbr', '#sociologiadigital', '#chargesdoniniu', '#comics', '#chargedodia', '#cartum', '#quadrinhos', '#tirinhas', '#outcaultquadrinhos', '#vida', '#fakenews', '#fake', '#conveniencia', '#conveni√™ncia', '#conveniencias', '#vazajato', '#bolsonarco']",[],https://twitter.com/socio_digital/status/1181234651496697857,False,,0,,,,,,,"[{'user_id': '1060174756165632000', 'username': 'socio_digital'}, {'user_id': '1155211237308936195', 'username': 'chargesdoniniu'}]",,,,
1175313210586619904,1175313210586619904,1569051480000,2019-09-21,04:38:00,-0300,1060174756165632000,socio_digital,Sociologia Digital,,"Memes que sintetizam
#universidadelivre #SociologiaDigitalBR #SociologiaDigital  pic.twitter.com/PfllG4ODE8",es,[],[],[],0,0,0,"['#universidadelivre', '#sociologiadigitalbr', '#sociologiadigital']",[],https://twitter.com/socio_digital/status/1175313210586619904,False,,1,,,,,,,"[{'user_id': '1060174756165632000', 'username': 'socio_digital'}]",,,,
1175161857499377666,1175161857499377666,1569015394000,2019-09-20,18:36:34,-0300,1060174756165632000,socio_digital,Sociologia Digital,,"Sad but true
#SociologiaDigitalBR
#SociologiaDigital  pic.twitter.com/AlBALW10Zy",en,[],[],['https://pbs.twimg.com/media/EE8DekZW4AAv-7W.jpg'],0,0,0,"['#sociologiadigitalbr', '#sociologiadigital']",[],https://twitter.com/socio_digital/status/1175161857499377666,False,,0,,,,,,,"[{'user_id': '1060174756165632000', 'username': 'socio_digital'}]",,,,
1175161730504232962,1175161730504232962,1569015364000,2019-09-20,18:36:04,-0300,1060174756165632000,socio_digital,Sociologia Digital,,#SociologiaDigital #SociologiaDigitalBR pic.twitter.com/jyioRqz42Q,und,[],[],['https://pbs.twimg.com/media/EE8DXI8XkAMmIX-.jpg'],0,0,1,"['#sociologiadigital', '#sociologiadigitalbr']",[],https://twitter.com/socio_digital/status/1175161730504232962,False,,0,,,,,,,"[{'user_id': '1060174756165632000', 'username': 'socio_digital'}]",,,,
1174494501374693376,1174494501374693376,1568856284000,2019-09-18,22:24:44,-0300,1060174756165632000,socio_digital,Sociologia Digital,,"#Repost @heltonjmattei #SociologiaDigital #SociologiaDigitalBR
‚Ä¢ ‚Ä¢ ‚Ä¢ ‚Ä¢ ‚Ä¢ ‚Ä¢
#illustration #brazilianillustrator #blacklivesmatter #racismo #racism #escravidaomoderna #modernslavery #designativista #afro #afroillustrator pic.twitter.com/d8HCUemP5l",und,['heltonjmattei'],[],['https://pbs.twimg.com/media/EEykhQaW4AATAZU.jpg'],0,0,2,"['#repost', '#sociologiadigital', '#sociologiadigitalbr', '#illustration', '#brazilianillustrator', '#blacklivesmatter', '#racismo', '#racism', '#escravidaomoderna', '#modernslavery', '#designativista', '#afro', '#afroillustrator']",[],https://twitter.com/socio_digital/status/1174494501374693376,False,,0,,,,,,,"[{'user_id': '1060174756165632000', 'username': 'socio_digital'}, {'user_id': '2763939528', 'username': 'heltonjmattei'}]",,,,
1173978427491307520,1173978427491307520,1568733243000,2019-09-17,12:14:03,-0300,1060174756165632000,socio_digital,Sociologia Digital,,A sinceridade de Temer em expor o #golpe para amenizar o crime que perseguir√° seu partido e aliados pol√≠ticos. #foigolpe #dilma√©inocente #SociologiaDigitalBR #SociologiaDigital  pic.twitter.com/fOjCLw4ixw,pt,[],[],[],0,0,0,"['#golpe', '#foigolpe', '#dilma√©inocente', '#sociologiadigitalbr', '#sociologiadigital']",[],https://twitter.com/socio_digital/status/1173978427491307520,False,,1,,,,,,,"[{'user_id': '1060174756165632000', 'username': 'socio_digital'}]",,,,
1173976911258800128,1173976911258800128,1568732881000,2019-09-17,12:08:01,-0300,1060174756165632000,socio_digital,Sociologia Digital,,"Boa tarde!
#sociologiadigital
#sociologiadigitalbr
#sociologianasescolas pic.twitter.com/miUyb0tpM3",pt,[],[],['https://pbs.twimg.com/media/EErNx1dWkAE_qdG.jpg'],0,0,1,"['#sociologiadigital', '#sociologiadigitalbr', '#sociologianasescolas']",[],https://twitter.com/socio_digital/status/1173976911258800128,False,,0,,,,,,,"[{'user_id': '1060174756165632000', 'username': 'socio_digital'}]",,,,
1173976131026001920,1173976131026001920,1568732695000,2019-09-17,12:04:55,-0300,1060174756165632000,socio_digital,Sociologia Digital,,"#Repost
‚Ä¢ ‚Ä¢ ‚Ä¢ ‚Ä¢ ‚Ä¢ ‚Ä¢
Das profundezas
#foigolpe
#temer
#rodavivatvcultura
#SociologiaDigital
#Sociologiadigitalbr pic.twitter.com/5hdfNNpFUs",pt,[],[],['https://pbs.twimg.com/media/EErNERNWsAAz__N.jpg'],0,0,0,"['#repost', '#foigolpe', '#temer', '#rodavivatvcultura', '#sociologiadigital', '#sociologiadigitalbr']",[],https://twitter.com/socio_digital/status/1173976131026001920,False,,0,,,,,,,"[{'user_id': '1060174756165632000', 'username': 'socio_digital'}]",,,,
1173975836548116480,1173975836548116480,1568732625000,2019-09-17,12:03:45,-0300,1060174756165632000,socio_digital,Sociologia Digital,,"#Repost o.ribs
‚Ä¢ ‚Ä¢ ‚Ä¢ ‚Ä¢ ‚Ä¢ ‚Ä¢
Das profundezas
#foigolpe
#temer
#rodavivatvcultura
#SociologiaDigital
#SociologiaDigitalBR  https://www.instagram.com/p/B2hEQrXHp4L/?igshid=1oz0roobseptd¬†‚Ä¶",pt,[],['https://www.instagram.com/p/B2hEQrXHp4L/?igshid=1oz0roobseptd'],[],0,0,0,"['#repost', '#foigolpe', '#temer', '#rodavivatvcultura', '#sociologiadigital', '#sociologiadigitalbr']",[],https://twitter.com/socio_digital/status/1173975836548116480,False,,0,,,,,,,"[{'user_id': '1060174756165632000', 'username': 'socio_digital'}]",,,,
1171796290742755328,1171796290742755328,1568212981000,2019-09-11,11:43:01,-0300,1060174756165632000,socio_digital,Sociologia Digital,,"Sergeant Peppers - The Beatles
Autor: Theodor Adorno #sqn
#SociologiaDigitalBR #SociologiaDigital  pic.twitter.com/kBR6OXY4kP",en,[],[],['https://pbs.twimg.com/media/EEMOguZWwAA_RjF.jpg'],0,0,0,"['#sqn', '#sociologiadigitalbr', '#sociologiadigital']",[],https://twitter.com/socio_digital/status/1171796290742755328,False,,0,,,,,,,"[{'user_id': '1060174756165632000', 'username': 'socio_digital'}]",,,,
1171189091083464704,1171189091083464704,1568068213000,2019-09-09,19:30:13,-0300,1060174756165632000,socio_digital,Sociologia Digital,,"A charge de Bruno Ortiz que fazia parte da exposi√ß√£o mostra Bolsonaro como Narciso, admirando seu reflexo em uma privada. A obra foi censurada.

#SociologiaDigitalBR #SociologiaDigital #censuranuncamais #bolsonarco  https://www.instagram.com/p/B2NQ_nPAtqo/?igshid=190vh6cwu1zes¬†‚Ä¶",pt,[],['https://www.instagram.com/p/B2NQ_nPAtqo/?igshid=190vh6cwu1zes'],[],0,0,0,"['#sociologiadigitalbr', '#sociologiadigital', '#censuranuncamais', '#bolsonarco']",[],https://twitter.com/socio_digital/status/1171189091083464704,False,,0,,,,,,,"[{'user_id': '1060174756165632000', 'username': 'socio_digital'}]",,,,
1171188689030041605,1171188689030041605,1568068117000,2019-09-09,19:28:37,-0300,1060174756165632000,socio_digital,Sociologia Digital,,"√â s√≥ a minha opini√£o üò¨
#SociologiaDigitalBR #SociologiaDigital  https://www.instagram.com/p/B2NQ0DZgpWj/?igshid=1gambahfr8x2z¬†‚Ä¶",pt,[],['https://www.instagram.com/p/B2NQ0DZgpWj/?igshid=1gambahfr8x2z'],[],0,0,0,"['#sociologiadigitalbr', '#sociologiadigital']",[],https://twitter.com/socio_digital/status/1171188689030041605,False,,0,,,,,,,"[{'user_id': '1060174756165632000', 'username': 'socio_digital'}]",,,,
1171187136491589635,1171187136491589635,1568067747000,2019-09-09,19:22:27,-0300,1060174756165632000,socio_digital,Sociologia Digital,,"Acuse os advers√°rios do que voc√™ faz chame-os do que voc√™ √©
üòâ
#SociologiaDigital #SociologiaDigitalBR #foigolpe #golpistas  https://www.instagram.com/p/B2NQG5GgqCj/?igshid=2odykmou6ybk¬†‚Ä¶",pt,[],['https://www.instagram.com/p/B2NQG5GgqCj/?igshid=2odykmou6ybk'],[],0,0,0,"['#sociologiadigital', '#sociologiadigitalbr', '#foigolpe', '#golpistas']",[],https://twitter.com/socio_digital/status/1171187136491589635,False,,0,,,,,,,"[{'user_id': '1060174756165632000', 'username': 'socio_digital'}]",,,,
1171185451543253000,1171185451543253000,1568067345000,2019-09-09,19:15:45,-0300,1060174756165632000,socio_digital,Sociologia Digital,,"üò¢
#SociologiaDigitalBR #SociologiaDigital #bolsonarco #amazonia  https://www.instagram.com/p/B2NPV40Am1K/?igshid=n92dyk3qtc89¬†‚Ä¶",und,[],['https://www.instagram.com/p/B2NPV40Am1K/?igshid=n92dyk3qtc89'],[],0,0,0,"['#sociologiadigitalbr', '#sociologiadigital', '#bolsonarco', '#amazonia']",[],https://twitter.com/socio_digital/status/1171185451543253000,False,,0,,,,,,,"[{'user_id': '1060174756165632000', 'username': 'socio_digital'}]",,,,
1171150734903169026,1171150734903169026,1568059068000,2019-09-09,16:57:48,-0300,1060174756165632000,socio_digital,Sociologia Digital,,"Tudo tem limites!

#SociologiaDigital #SociologiaDigitalBR pic.twitter.com/GuXtatu2O5",pt,[],[],['https://pbs.twimg.com/media/EEDDYY1WkAECUhK.jpg'],0,0,2,"['#sociologiadigital', '#sociologiadigitalbr']",[],https://twitter.com/socio_digital/status/1171150734903169026,False,,0,,,,,,,"[{'user_id': '1060174756165632000', 'username': 'socio_digital'}]",,,,
1164994179627438081,1164994179627438081,1566591231000,2019-08-23,17:13:51,-0300,1060174756165632000,socio_digital,Sociologia Digital,,"Voc√™ j√° curtiu a Sociologia Digital em todas as nossas redes sociais?
„Ö§
INSTA -  https://bit.ly/2Npp8Au¬†
FACE -  https://bit.ly/2ZsFZVK¬†
„Ö§
#SociologiaDigital #universidadelivre #noticias #educacao #bolsonarco #amazonia #feminismo #antirracismo #teoriaqueer #Politica pic.twitter.com/pTvnyhO1gj",pt,[],"['https://bit.ly/2Npp8Au', 'https://bit.ly/2ZsFZVK']",[],1,0,0,"['#sociologiadigital', '#universidadelivre', '#noticias', '#educacao', '#bolsonarco', '#amazonia', '#feminismo', '#antirracismo', '#teoriaqueer', '#politica']",[],https://twitter.com/socio_digital/status/1164994179627438081,False,,1,,,,,,,"[{'user_id': '1060174756165632000', 'username': 'socio_digital'}]",,,,
1164991423768174592,1164991423768174592,1566590574000,2019-08-23,17:02:54,-0300,1060174756165632000,socio_digital,Sociologia Digital,,"Voc√™ j√° curtiu a Sociologia Digital em todas as nossas redes sociais?
„Ö§
Curta e siga para ficar informado sobre not√≠cias, pol√≠tica e educa√ß√£o, sempre com acidez e bom humor.
„Ö§
#SociologiaDigitalBR #SociologiaDigital‚Ä¶  https://www.instagram.com/p/B1hOmGFHt9-/?igshid=azumjy9ayy87¬†‚Ä¶",pt,[],['https://www.instagram.com/p/B1hOmGFHt9-/?igshid=azumjy9ayy87'],[],0,0,0,"['#sociologiadigitalbr', '#sociologiadigital']",[],https://twitter.com/socio_digital/status/1164991423768174592,False,,0,,,,,,,"[{'user_id': '1060174756165632000', 'username': 'socio_digital'}]",,,,
1149744988064034816,1149743662454194177,1562955541000,2019-07-12,15:19:01,-0300,1217118984,leofn3,Leonardo F. Nascimento,,#sbs2019 #sociologiadigital #DigitalSociology pic.twitter.com/SOaCfqHkLW,und,[],[],['https://pbs.twimg.com/media/D_S29ScXUAACtqQ.jpg'],1,0,6,"['#sbs2019', '#sociologiadigital', '#digitalsociology']",[],https://twitter.com/leofn3/status/1149744988064034816,False,,0,,,,,,,"[{'user_id': '1217118984', 'username': 'leofn3'}]",,,,
1291041273332117512,1291041273332117512,1596643200000,2020-08-05,13:00:00,-0300,2381578122,samsung,Samsung Electronics,,Samsung‚Äôs newest premium smartwatch makes expressing your style and managing your health and your #SamsungGalaxy devices simple and seamless #GalaxyWatch3 https://news.samsung.com/global/infographic-an-up-close-look-at-the-galaxy-watch3?utm_source=nr_twitter&utm_medium=social¬†‚Ä¶,en,[],['https://news.samsung.com/global/infographic-an-up-close-look-at-the-galaxy-watch3?utm_source=nr_twitter&utm_medium=social'],[],28,236,3436,"['#samsunggalaxy', '#galaxywatch3']",[],https://twitter.com/Samsung/status/1291041273332117512,False,,0,,,,,,,"[{'user_id': '2381578122', 'username': 'Samsung'}]",,,,
1149743662454194177,1149743662454194177,1562955224000,2019-07-12,15:13:44,-0300,1217118984,leofn3,Leonardo F. Nascimento,,"Fala interessante sobre #SociologiaDigital e regula√ß√£o algor√≠tmica.
#sbs2019
#UFF pic.twitter.com/OmewmCFjQX",pt,[],[],['https://pbs.twimg.com/media/D_S1wdcXUAIKsz2.jpg'],1,0,5,"['#sociologiadigital', '#sbs2019', '#uff']",[],https://twitter.com/leofn3/status/1149743662454194177,False,,0,,,,,,,"[{'user_id': '1217118984', 'username': 'leofn3'}]",,,,
1149660174799425537,1149660174799425537,1562935319000,2019-07-12,09:41:59,-0300,1217118984,leofn3,Leonardo F. Nascimento,,"Neste post, Mark Carrigan e Phil Brooker argumentam que os pesquisadores em ci√™ncias sociais precisam se envolver cada vez mais com linguagens de programa√ß√£o para entender a sociedade contempor√¢nea.

#sociologiadigital
#digitalsociology
#rstats #Python #R #caqdas https://twitter.com/LSEImpactBlog/status/1149622438331740160¬†‚Ä¶",pt,[],['https://twitter.com/LSEImpactBlog/status/1149622438331740160'],[],0,2,7,"['#sociologiadigital', '#digitalsociology', '#rstats', '#python', '#r', '#caqdas']",[],https://twitter.com/leofn3/status/1149660174799425537,False,https://twitter.com/LSEImpactBlog/status/1149622438331740160,0,,,,,,,"[{'user_id': '1217118984', 'username': 'leofn3'}]",,,,
1149028591973351424,1149028591973351424,1562784738000,2019-07-10,15:52:18,-0300,1217118984,leofn3,Leonardo F. Nascimento,,"Est√° rolando o 19o Congresso de #Sociologia e n√£o aparece nem um twitter. Nem a galera do GT de #SociologiaDigital fala alguma coisa.
@sbsociologia
#sbs2019",pt,['sbsociologia'],[],[],1,0,5,"['#sociologia', '#sociologiadigital', '#sbs2019']",[],https://twitter.com/leofn3/status/1149028591973351424,False,,0,,,,,,,"[{'user_id': '1217118984', 'username': 'leofn3'}, {'user_id': '184772764', 'username': 'sbsociologia'}]",,,,
1127912394863386624,1127912394863386624,1557750245000,2019-05-13,09:24:05,-0300,155961787,mauriciomgc,ùêåùêöùêÆùê´ùê¢ùêúùê¢ùê® ùêÜùêÆùêûùê´ùê´ùêûùê´ùê®,,"- En Hi5 yo ten√≠a informaci√≥n acerca de los usuarios que visitaban m√≠ perfil. Stalkear ten√≠a otro significado, eran otras formas de control.
Panorama de mis clases de Estudios de la sociedad contempor√°nea.
#Sociolog√≠aDigital  pic.twitter.com/LenONNBV0s",es,[],[],['https://pbs.twimg.com/media/D6cmV2tWAAUumzf.jpg'],0,1,0,['#sociolog√≠adigital'],[],https://twitter.com/MauricioMGC/status/1127912394863386624,False,,0,,,,,,,"[{'user_id': '155961787', 'username': 'MauricioMGC'}]",,,,
1101543266632245251,1101542116650553344,1551463355000,2019-03-01,15:02:35,-0300,947685474570661889,rms_unam,Revista Mexicana de Sociolog√≠a,,"A prop√≥sito de esto, les remendamos leer:
AN√ÅLISIS LEXICOM√âTRICO DE LA ESPECIFICIDAD DE LA ESCRITURA DIGITAL DEL ADOLESCENTE EN WHATSAPP
En:  https://scielo.conicyt.cl/scielo.php?script=sci_arttext&pid=S0718-48832015000100005¬†‚Ä¶
#Recomendaciones #RMS #SOCIOLOG√çADIGITAL",es,"['pajaropolitico', 'bbcmundo']",['https://scielo.conicyt.cl/scielo.php?script=sci_arttext&pid=S0718-48832015000100005'],[],0,0,0,"['#recomendaciones', '#rms', '#sociolog√≠adigital']",[],https://twitter.com/RMS_UNAM/status/1101543266632245251,False,,0,,,,,,,"[{'user_id': '947685474570661889', 'username': 'RMS_UNAM'}, {'user_id': '84613584', 'username': 'Pajaropolitico'}, {'user_id': '10012122', 'username': 'bbcmundo'}]",,,,
1055581852248010754,1055581852248010754,1540505299000,2018-10-25,19:08:19,-0300,1217118984,leofn3,Leonardo F. Nascimento,," https://www.bbc.com/portuguese/geral-39535650¬†‚Ä¶
#SociologiaDigital #DigitalSociology

Repita pra mim que novos m√©todos e t√©cnicas digitais de extra√ß√£o e an√°lise de dados n√£o servem pra nada!",pt,[],['https://www.bbc.com/portuguese/geral-39535650'],[],0,0,2,"['#sociologiadigital', '#digitalsociology']",[],https://twitter.com/leofn3/status/1055581852248010754,False,,0,,,,,,,"[{'user_id': '1217118984', 'username': 'leofn3'}]",,,,
1053971022289006593,1053971022289006593,1540121248000,2018-10-21,08:27:28,-0300,1217118984,leofn3,Leonardo F. Nascimento,,"Mudando de assunto, e falando ainda sobre o mesmo. Pelo visto, uma vez que tecnologias digitais influenciam elei√ß√µes - e de tabela as democracias - ser√° que ainda √© defens√°vel a tese que a #SociologiaDigital √© coisa de weberiano, burgu√™s, e coisas similares? 
#R #Python #CAQDAS",pt,[],[],[],1,0,6,"['#sociologiadigital', '#r', '#python', '#caqdas']",[],https://twitter.com/leofn3/status/1053971022289006593,False,,0,,,,,,,"[{'user_id': '1217118984', 'username': 'leofn3'}]",,,,
1052450591048380416,1052450591048380416,1539758749000,2018-10-17,03:45:49,-0300,352525947,carleslindin,Carles Lind√≠n,,"@Neil_Selwyn explica qu√® √©s la #SociologiaDigital. Metogologies de recerca, eines i pr√†ctiques per analitzar la intersecci√≥ entre la #sociologia i el fet #digital. @lmi_net @pabloriverabcn https://twitter.com/Neil_Selwyn/status/1052121334040281088¬†‚Ä¶",ca,"['neil_selwyn', 'lmi_net', 'pabloriverabcn']",['https://twitter.com/Neil_Selwyn/status/1052121334040281088'],[],0,2,1,"['#sociologiadigital', '#sociologia', '#digital']",[],https://twitter.com/CarlesLindin/status/1052450591048380416,False,https://twitter.com/Neil_Selwyn/status/1052121334040281088,0,,,,,,,"[{'user_id': '352525947', 'username': 'CarlesLindin'}, {'user_id': '142598896', 'username': 'Neil_Selwyn'}, {'user_id': '141186678', 'username': 'lmi_net'}, {'user_id': '105800443', 'username': 'pabloriverabcn'}]",,,,
1047566343514587136,1047566343514587136,1538594253000,2018-10-03,16:17:33,-0300,1217118984,leofn3,Leonardo F. Nascimento,,"Pessoal, segue a chamada de um dossi√™ de #SociologiaDigital que estou participando da organiza√ß√£o junto com a prof. Aparecida Ramos (UFRN). Prazo final: 10/12/2018
#DigitalSociology
@iara_mouse @petalosoy @eliasbitencourt @ciberhumanidad @Etnodigital pic.twitter.com/Dut9h2GPTC",pt,"['iara_mouse', 'petalosoy', 'eliasbitencourt', 'ciberhumanidad', 'etnodigital']",[],['https://pbs.twimg.com/media/Dom0B8ZXoAMK-gL.jpg'],0,3,3,"['#sociologiadigital', '#digitalsociology']",[],https://twitter.com/leofn3/status/1047566343514587136,False,,0,,,,,,,"[{'user_id': '1217118984', 'username': 'leofn3'}, {'user_id': '42120654', 'username': 'iara_mouse'}, {'user_id': '7897962', 'username': 'petalosoy'}, {'user_id': '39296194', 'username': 'eliasbitencourt'}, {'user_id': '974448919269822464', 'username': 'ciberhumanidad'}, {'user_id': '374426368', 'username': 'Etnodigital'}]",,,,
1040623412895535104,1040623412895535104,1536938930000,2018-09-14,12:28:50,-0300,1665965863,alexrocz,Alex Ojeda Copa,,"La #Sociolog√≠aDigital es mi √°rea de especializaci√≥n. Ya voy cinco a√±os trabajando profesionalmente en ella: 11 art√≠culos acad√©micos, 1 manual de network analysis y 2 libros m√°s que se publican a fin de a√±o. Para conocer m√°s al respecto, p√°sate por mi blog:  https://sociologiadigital.com/¬†",es,[],['https://sociologiadigital.com/'],[],2,8,17,['#sociolog√≠adigital'],[],https://twitter.com/alexrocz/status/1040623412895535104,False,,0,,,,,,,"[{'user_id': '1665965863', 'username': 'alexrocz'}]",,,,
1014865457621487617,1014865457621487617,1530797755000,2018-07-05,10:35:55,-0300,1217118984,leofn3,Leonardo F. Nascimento,,"Entre os dias 16 e 27 de julho de 2018 acontecer√° I Escola Discente de M√©todos e T√©cnicas de Pesquisa, ocorrer√° no #IFCH #UFRGS em Porto Alegre.

Na mesa de encerramento vamos falar de #SociologiaDigital #digitalsociology
 https://www.ufrgs.br/escolademetodos/¬†‚Ä¶ pic.twitter.com/QlOwZg8gXP",pt,[],['https://www.ufrgs.br/escolademetodos/'],['https://pbs.twimg.com/media/DhWGu7-XcAEdLTj.jpg'],1,2,4,"['#ifch', '#ufrgs', '#sociologiadigital', '#digitalsociology']",[],https://twitter.com/leofn3/status/1014865457621487617,False,,0,,,,,,,"[{'user_id': '1217118984', 'username': 'leofn3'}]",,,,
1012675964139114496,1012675964139114496,1530275739000,2018-06-29,09:35:39,-0300,1217118984,leofn3,Leonardo F. Nascimento,,"Leitura obrigat√≥ria para TODOS os Cientistas Sociais (n√£o somente para os que fazem #SociologiaDigital ) Ci√™ncia de Dados com R - Introdu√ß√£o. Uma publica√ß√£o do @IBPAD
#R #RStudio #DataScience #DigitalSociology https://cdr.ibpad.com.br/¬†",pt,['ibpad'],['https://cdr.ibpad.com.br/'],[],0,0,8,"['#sociologiadigital', '#r', '#rstudio', '#datascience', '#digitalsociology']",[],https://twitter.com/leofn3/status/1012675964139114496,False,,0,,,,,,,"[{'user_id': '1217118984', 'username': 'leofn3'}, {'user_id': '284285718', 'username': 'ibpad'}]",,,,
1012276276256739333,1012276276256739333,1530180446000,2018-06-28,07:07:26,-0300,1217118984,leofn3,Leonardo F. Nascimento,,Lista de publica√ß√µes sobre algoritmos e sociedade. Com timeline e grupo no @zotero #SociologiaDigital #DigitalSociology https://twitter.com/BSADigitalSoc/status/1012272698192474113¬†‚Ä¶,pt,['zotero'],['https://twitter.com/BSADigitalSoc/status/1012272698192474113'],[],0,0,1,"['#sociologiadigital', '#digitalsociology']",[],https://twitter.com/leofn3/status/1012276276256739333,False,https://twitter.com/BSADigitalSoc/status/1012272698192474113,0,,,,,,,"[{'user_id': '1217118984', 'username': 'leofn3'}, {'user_id': '9893772', 'username': 'zotero'}]",,,,
1012269893243342848,1012269893243342848,1530178924000,2018-06-28,06:42:04,-0300,1217118984,leofn3,Leonardo F. Nascimento,,Enquanto isso... #SociologiaDigital  https://twitter.com/BerlinerLufti/status/1012245866520940550¬†‚Ä¶,pt,[],['https://twitter.com/BerlinerLufti/status/1012245866520940550'],[],0,0,0,['#sociologiadigital'],[],https://twitter.com/leofn3/status/1012269893243342848,False,https://twitter.com/BerlinerLufti/status/1012245866520940550,0,,,,,,,"[{'user_id': '1217118984', 'username': 'leofn3'}]",,,,
998213486793588736,998211822577741824,1526827615000,2018-05-20,11:46:55,-0300,173555751,roelisabellgr,Roelisabell Garcia Ross√≥,,#Sociologiadigital Los investigadores comprobaron que la extensi√≥n de la red de ‚Äúconfidentes centrales‚Äù se asocia con fuerza a dos actividades populares en las redes sociales: la mensajer√≠a instant√°nea y la publicaci√≥n de fotograf√≠as.,es,[],[],[],0,0,0,['#sociologiadigital'],[],https://twitter.com/RoelisabellGR/status/998213486793588736,False,,0,,,,,,,"[{'user_id': '173555751', 'username': 'RoelisabellGR'}]",,,,
987097945601343488,987097945601343488,1524177464000,2018-04-19,19:37:44,-0300,1217118984,leofn3,Leonardo F. Nascimento,,Dados com Cerveja come√ßou! #DataScience #cienciadosdados @okfnbr @OKFN @SchoolOfData em #Salvador #digitalsociology #SociologiaDigital  pic.twitter.com/ACYqypophA,pt,"['okfnbr', 'okfn', 'schoolofdata']",[],['https://pbs.twimg.com/media/DbLgVM7X0AEuVF2.jpg'],1,0,2,"['#datascience', '#cienciadosdados', '#salvador', '#digitalsociology', '#sociologiadigital']",[],https://twitter.com/leofn3/status/987097945601343488,False,,0,,,,,,,"[{'user_id': '1217118984', 'username': 'leofn3'}, {'user_id': '421250770', 'username': 'okfnbr'}, {'user_id': '16143105', 'username': 'OKFN'}, {'user_id': '501968170', 'username': 'SchoolOfData'}]",,,,
984623187068702720,984623187068702720,1523587435000,2018-04-12,23:43:55,-0300,1217118984,leofn3,Leonardo F. Nascimento,,"Soci√≥logos de todo o mundo, digitalizai-vos!

Inclusive voc√™, tamagotchi da #SociologiaDigital @SociologiaDig",pt,[],[],[],0,0,3,['#sociologiadigital'],[],https://twitter.com/leofn3/status/984623187068702720,False,,0,,,,,,,"[{'user_id': '1217118984', 'username': 'leofn3'}]",,,,
984524899174813699,984524899174813699,1523564002000,2018-04-12,17:13:22,-0300,1217118984,leofn3,Leonardo F. Nascimento,,"@SociologiaDig Como entender este fen√¥meno sem saber linguagens de programa√ß√£o nem manejo de dados? Ou somente com Marx, Weber ou Durkheim? 

#sociologiadigital
#digitalsociology
#DataProtection https://mashable.com/2017/11/29/targeted-ads-tracking¬†‚Ä¶",pt,[],['https://mashable.com/2017/11/29/targeted-ads-tracking'],[],0,0,0,"['#sociologiadigital', '#digitalsociology', '#dataprotection']",[],https://twitter.com/leofn3/status/984524899174813699,False,,0,,,,,,,"[{'user_id': '1217118984', 'username': 'leofn3'}]",,,,
981220764040028167,981220764040028167,1522776235000,2018-04-03,14:23:55,-0300,1665965863,alexrocz,Alex Ojeda Copa,,#sociologia #sociologiadigital #herramientasdigitales #softwarelibre https://sociologiadigital.com/2018/04/01/herramientas-de-software-libre-para-sociologos/¬†‚Ä¶,und,[],['https://sociologiadigital.com/2018/04/01/herramientas-de-software-libre-para-sociologos/'],[],0,3,8,"['#sociologia', '#sociologiadigital', '#herramientasdigitales', '#softwarelibre']",[],https://twitter.com/alexrocz/status/981220764040028167,False,,0,,,,,,,"[{'user_id': '1665965863', 'username': 'alexrocz'}]",,,,
978353210019778560,978353210019778560,1522092556000,2018-03-26,16:29:16,-0300,1217118984,leofn3,Leonardo F. Nascimento,,"Como nascem os #bots ?
Uma breve hist√≥ria dos #chatbots
#digitalsociology
#digitalhumanities
#SociologiaDigital  https://twitter.com/CStoreNews_/status/978325570445627392¬†‚Ä¶",pt,[],['https://twitter.com/CStoreNews_/status/978325570445627392'],[],0,0,0,"['#bots', '#chatbots', '#digitalsociology', '#digitalhumanities', '#sociologiadigital']",[],https://twitter.com/leofn3/status/978353210019778560,False,https://twitter.com/CStoreNews_/status/978325570445627392,0,,,,,,,"[{'user_id': '1217118984', 'username': 'leofn3'}]",,,,
1291041539007877127,1291041539007877127,1596643263000,2020-08-05,13:01:03,-0300,45083460,petrobras,Petrobras,,"Conclu√≠mos a transfer√™ncia das f√°bricas de fertilizantes nitrogenados da Bahia (Fafen-BA) e de Sergipe (Fafen-SE) para a Proquigel Qu√≠mica via arrendamento. Isso permitir√° que as f√°bricas retomem sua opera√ß√£o sob nova dire√ß√£o, gerando novos empregos e atraindo investimentos. pic.twitter.com/FtCGduFldK",pt,[],[],['https://pbs.twimg.com/media/EeqzXMXWkAE3ZpP.jpg'],10,41,278,[],[],https://twitter.com/petrobras/status/1291041539007877127,False,,0,,,,,,,"[{'user_id': '45083460', 'username': 'petrobras'}]",,,,
967771138968424450,967771138968424450,1519569594000,2018-02-25,11:39:54,-0300,1665965863,alexrocz,Alex Ojeda Copa,,En mi compu... la belleza de la recolecci√≥n autom√°tica de datos de la Web con un poco de programaci√≥n. Estoy en el an√°lisis de algo... ¬øde qu√© creen? Pronto m√°s novedades. #sociologiadigital  pic.twitter.com/6yhBidcu4a,es,[],[],[],0,0,1,['#sociologiadigital'],[],https://twitter.com/alexrocz/status/967771138968424450,False,,1,,,,,,,"[{'user_id': '1665965863', 'username': 'alexrocz'}]",,,,
945724455787159556,945724455787159556,1514313255000,2017-12-26,15:34:15,-0300,926725460972789760,jaguadomadrid,Javier Aguado Madrid,,"@GemaRgdr nos habla de las Relaciones interpersonales en la Sociedad Online #socialmedia #RedesSociales #Personalidad #SociologiaDigital
 http://bit.ly/2l7L03V¬†",es,[],['http://bit.ly/2l7L03V'],[],0,1,1,"['#socialmedia', '#redessociales', '#personalidad', '#sociologiadigital']",[],https://twitter.com/JAguadoMadrid/status/945724455787159556,False,,0,,,,,,,"[{'user_id': '926725460972789760', 'username': 'JAguadoMadrid'}]",,,,
945606346501709825,945180072838909952,1514285096000,2017-12-26,07:44:56,-0300,1217118984,leofn3,Leonardo F. Nascimento,,@sbsociologia @ANPOCS As teorias sociais cl√°ssicas precisam urgente de um upgrade! #digitalsociology #sociologiadigital,pt,"['thesocreview', 'sbsociologia', 'anpocs']",[],[],0,0,0,"['#digitalsociology', '#sociologiadigital']",[],https://twitter.com/leofn3/status/945606346501709825,False,,0,,,,,,,"[{'user_id': '1217118984', 'username': 'leofn3'}, {'user_id': '1927411670', 'username': 'TheSocReview'}, {'user_id': '184772764', 'username': 'sbsociologia'}, {'user_id': '85123311', 'username': 'ANPOCS'}]",,,,
938713341912080384,938713341912080384,1512641675000,2017-12-07,07:14:35,-0300,1217118984,leofn3,Leonardo F. Nascimento,,"O uso de cita√ß√µes possui uma hist√≥ria. Precisamos pensar nas muta√ß√µes epistemol√≥gicas decorrentes das formas digitais de indexar e recuperar cita√ß√µes. #sociologiadigital #digitalsociology
#Zotero https://twitter.com/Write4Research/status/938383949688123392¬†‚Ä¶",pt,[],['https://twitter.com/Write4Research/status/938383949688123392'],[],0,2,3,"['#sociologiadigital', '#digitalsociology', '#zotero']",[],https://twitter.com/leofn3/status/938713341912080384,False,https://twitter.com/Write4Research/status/938383949688123392,0,,,,,,,"[{'user_id': '1217118984', 'username': 'leofn3'}]",,,,
935865820135247874,935865820135247874,1511962773000,2017-11-29,10:39:33,-0300,1217118984,leofn3,Leonardo F. Nascimento,,@DALupton @NoortjeMarres @mark_carrigan #digitalsociology #SociologieNumerique #SociologiaDigital #Fitbit @eliasbitencourt #McGill pic.twitter.com/CT9ApIMCAr,und,"['dalupton', 'noortjemarres', 'mark_carrigan', 'eliasbitencourt']",[],['https://pbs.twimg.com/media/DPzctnEX4AAiYdu.jpg'],0,0,2,"['#digitalsociology', '#sociologienumerique', '#sociologiadigital', '#fitbit', '#mcgill']",[],https://twitter.com/leofn3/status/935865820135247874,False,,0,,,,,,,"[{'user_id': '1217118984', 'username': 'leofn3'}, {'user_id': '596203049', 'username': 'DALupton'}, {'user_id': '867312279355871234', 'username': 'NoortjeMarres'}, {'user_id': '1256341960924770305', 'username': 'mark_carrigan'}, {'user_id': '39296194', 'username': 'eliasbitencourt'}]",,,,
918208124972134401,918208124972134401,1507752851000,2017-10-11,17:14:11,-0300,37438920,pelmudesi,Patricia Elmudesi,,Excelente mensaje en  http://love.com¬† sobre el balance de la vida real y digital. Apto para ver con hijos #Sociologiadigital,es,[],['http://love.com'],[],0,0,1,['#sociologiadigital'],[],https://twitter.com/PElmudesi/status/918208124972134401,False,,0,,,,,,,"[{'user_id': '37438920', 'username': 'PElmudesi'}]",,,,
909524523564847105,909524523564847105,1505682519000,2017-09-17,18:08:39,-0300,3384500415,felipeapadilha,Felipe Padilha,,"29 de setembro, na #UEL, em Londrina. #Oficina #EtnografiaDigital #SociologiaDigital  pic.twitter.com/H7hUOUDxYK",pt,[],[],['https://pbs.twimg.com/media/DJ9HubmXUAA8orL.jpg'],0,0,0,"['#uel', '#oficina', '#etnografiadigital', '#sociologiadigital']",[],https://twitter.com/felipeapadilha/status/909524523564847105,False,,0,,,,,,,"[{'user_id': '3384500415', 'username': 'felipeapadilha'}]",,,,
902371278815944706,902371278815944706,1503977052000,2017-08-29,00:24:12,-0300,1217118984,leofn3,Leonardo F. Nascimento,,"A Revista Prel√∫dios convoca interessados em publicar artigos do campo da #SociologiaDigital
 https://portalseer.ufba.br/index.php/revistapreludios/index¬†‚Ä¶

.",pt,[],['https://portalseer.ufba.br/index.php/revistapreludios/index'],[],0,1,3,['#sociologiadigital'],[],https://twitter.com/leofn3/status/902371278815944706,False,,0,,,,,,,"[{'user_id': '1217118984', 'username': 'leofn3'}]",,,,
868861834857775105,868814390241488897,1495987778000,2017-05-28,13:09:38,-0300,1217118984,leofn3,Leonardo F. Nascimento,,"J√° conhecia, loucura total... cito isso em meu artigo sobre #sociologiadigital",pt,[],[],[],0,0,0,['#sociologiadigital'],[],https://twitter.com/leofn3/status/868861834857775105,False,,0,,,,,,,"[{'user_id': '1217118984', 'username': 'leofn3'}]",,,,
834226593388167169,834226593388167169,1487730093000,2017-02-21,23:21:33,-0300,1217118984,leofn3,Leonardo F. Nascimento,,Sensacional!!! #R #DigitalSociology #SociologiaDigital  https://twitter.com/KirkDBorne/status/834195336558211072¬†‚Ä¶,es,[],['https://twitter.com/KirkDBorne/status/834195336558211072'],[],0,0,1,"['#r', '#digitalsociology', '#sociologiadigital']",[],https://twitter.com/leofn3/status/834226593388167169,False,https://twitter.com/KirkDBorne/status/834195336558211072,0,,,,,,,"[{'user_id': '1217118984', 'username': 'leofn3'}]",,,,
829283000877723648,829283000877723648,1486551449000,2017-02-08,07:57:29,-0300,1217118984,leofn3,Leonardo F. Nascimento,,"Semin√°rios Intermedi√°rios do Congresso Brasileiro de Sociologia e os Semin√°rios Tem√°ticos 2016.2
 http://www.ppgcs.ufba.br/main.asp?view=noticia&id=430¬†‚Ä¶
#sociologiadigital",pt,[],['http://www.ppgcs.ufba.br/main.asp?view=noticia&id=430'],[],0,0,1,['#sociologiadigital'],[],https://twitter.com/leofn3/status/829283000877723648,False,,0,,,,,,,"[{'user_id': '1217118984', 'username': 'leofn3'}]",,,,
828438280521781249,828438280521781249,1486350052000,2017-02-06,00:00:52,-0300,1217118984,leofn3,Leonardo F. Nascimento,,"Canal Telegram: 
 https://t.me/joinchat/AAAAAD9gLM-VDpD_3pIYFw¬†‚Ä¶
#SociologiaDigital
#DigitalSociology
#SociologieNumerique",en,[],['https://t.me/joinchat/AAAAAD9gLM-VDpD_3pIYFw'],[],0,0,1,"['#sociologiadigital', '#digitalsociology', '#sociologienumerique']",[],https://twitter.com/leofn3/status/828438280521781249,False,,0,,,,,,,"[{'user_id': '1217118984', 'username': 'leofn3'}]",,,,
826118611072929792,826118611072929792,1485797000000,2017-01-30,14:23:20,-0300,1217118984,leofn3,Leonardo F. Nascimento,,"Canal do #Telegram sobre #SociologiaDigital
 http://t.me/sociologiadigital¬†‚Ä¶

@sociologiadigital",pt,[],['http://t.me/sociologiadigital'],[],0,0,1,"['#telegram', '#sociologiadigital']",[],https://twitter.com/leofn3/status/826118611072929792,False,,0,,,,,,,"[{'user_id': '1217118984', 'username': 'leofn3'}]",,,,
824281255189553157,824281255189553157,1485358940000,2017-01-25,12:42:20,-0300,1217118984,leofn3,Leonardo F. Nascimento,,@Naira_Antrop @brunomattosc @eliasbitencourt @lab4O4 @MarcelAyres @Leopastor @alinebatistaadv @gitsufba #PPGCS #SociologiaDigital  pic.twitter.com/CBXECT3ObN,und,"['naira_antrop', 'eliasbitencourt', 'lab4o4', 'marcelayres', 'leopastor', 'gitsufba']",[],['https://pbs.twimg.com/media/C3Bu-bEWgAAmQ6-.jpg'],0,2,5,"['#ppgcs', '#sociologiadigital']",[],https://twitter.com/leofn3/status/824281255189553157,False,,0,,,,,,,"[{'user_id': '1217118984', 'username': 'leofn3'}, {'user_id': '3066302674', 'username': 'Naira_Antrop'}, {'user_id': '39296194', 'username': 'eliasbitencourt'}, {'user_id': '55539822', 'username': 'lab4O4'}, {'user_id': '22828259', 'username': 'MarcelAyres'}, {'user_id': '16929928', 'username': 'Leopastor'}, {'user_id': '73719913', 'username': 'gitsufba'}]",,,,
788181473853595649,788181473853595649,1476752081000,2016-10-17,21:54:41,-0300,360777132,cinthiasaji,Cinthia Sabill√≥n,,Las posibilidades que ofrecen las tecnolog√≠as digitales para las investigaciones sociol√≥gicas son sorprendentes! #sociologiadigital,es,[],[],[],0,0,0,['#sociologiadigital'],[],https://twitter.com/cinthiasaji/status/788181473853595649,False,,0,,,,,,,"[{'user_id': '360777132', 'username': 'cinthiasaji'}]",,,,
788015897118113792,788015897118113792,1476712605000,2016-10-17,10:56:45,-0300,1217118984,leofn3,Leonardo F. Nascimento,,#ifba #ifbasantoamaro #SociologiaDigital #DigitalSociology #UNILAB pic.twitter.com/mKQzcdhw5X,und,[],[],['https://pbs.twimg.com/media/Cu-X9ewWIAEezIe.jpg'],0,0,0,"['#ifba', '#ifbasantoamaro', '#sociologiadigital', '#digitalsociology', '#unilab']",[],https://twitter.com/leofn3/status/788015897118113792,False,,0,,,,,,,"[{'user_id': '1217118984', 'username': 'leofn3'}]",,,,
776491010297884672,776491010297884672,1473964858000,2016-09-15,15:40:58,-0300,360777132,cinthiasaji,Cinthia Sabill√≥n,,#SociologiaDigital interesante tem√°tica,pt,[],[],[],0,0,0,['#sociologiadigital'],[],https://twitter.com/cinthiasaji/status/776491010297884672,False,,0,,,,,,,"[{'user_id': '360777132', 'username': 'cinthiasaji'}]",,,,
755820395425624064,755820395425624064,1469036599000,2016-07-20,14:43:19,-0300,1217118984,leofn3,Leonardo F. Nascimento,,"A disciplina FCHK43 #SociologiaDigital j√° come√ßou na #UFBA #PPGCS #FFCH #DigitalSociology 
Segundas de 13:00-16:00.",pt,[],[],[],0,0,1,"['#sociologiadigital', '#ufba', '#ppgcs', '#ffch', '#digitalsociology']",[],https://twitter.com/leofn3/status/755820395425624064,False,,0,,,,,,,"[{'user_id': '1217118984', 'username': 'leofn3'}]",,,,
736216169858912256,736216169858912256,1464362587000,2016-05-27,12:23:07,-0300,1217118984,leofn3,Leonardo F. Nascimento,,#SociologiaDigital  https://twitter.com/galjuwaiser/status/736110547742171136¬†‚Ä¶,und,[],['https://twitter.com/galjuwaiser/status/736110547742171136'],[],0,0,1,['#sociologiadigital'],[],https://twitter.com/leofn3/status/736216169858912256,False,https://twitter.com/Gheedo84/status/736110547742171136,0,,,,,,,"[{'user_id': '1217118984', 'username': 'leofn3'}]",,,,
725413752007495680,725413752007495680,1461787090000,2016-04-27,16:58:10,-0300,1217118984,leofn3,Leonardo F. Nascimento,,"@Victocezar @Atreides_P Curso de #SociologiaDigital no #PPGCSO da #UFJF
#DigitalSociology",pt,"['victocezar', 'atreides_p']",[],[],1,0,2,"['#sociologiadigital', '#ppgcso', '#ufjf', '#digitalsociology']",[],https://twitter.com/leofn3/status/725413752007495680,False,,0,,,,,,,"[{'user_id': '1217118984', 'username': 'leofn3'}, {'user_id': '46254114', 'username': 'Victocezar'}, {'user_id': '2810923151', 'username': 'Atreides_P'}]",,,,
722883523770601472,722883523770601472,1461183837000,2016-04-20,17:23:57,-0300,1217118984,leofn3,Leonardo F. Nascimento,,"""Digital Sociology : a challenge to the 21st century""

 http://www.seer.ufrgs.br/index.php/sociologias/article/download/53754/37173¬†‚Ä¶
#digitalsociology #sociologiadigital
#UFBA
#PPGCS",en,[],['http://www.seer.ufrgs.br/index.php/sociologias/article/download/53754/37173'],[],0,0,0,"['#digitalsociology', '#sociologiadigital', '#ufba', '#ppgcs']",[],https://twitter.com/leofn3/status/722883523770601472,False,,0,,,,,,,"[{'user_id': '1217118984', 'username': 'leofn3'}]",,,,
722720740991234048,722720740991234048,1461145026000,2016-04-20,06:37:06,-0300,158698610,irina_rz,irozar,,"""We now live in a digital society"" D. Lupton #digitalsociology #sociologiadigital @DALupton",en,['dalupton'],[],[],0,0,1,"['#digitalsociology', '#sociologiadigital']",[],https://twitter.com/Irina_RZ/status/722720740991234048,False,,0,,,,,,,"[{'user_id': '158698610', 'username': 'Irina_RZ'}, {'user_id': '596203049', 'username': 'DALupton'}]",,,,
714222915697377280,714222526906413056,1459118987000,2016-03-27,19:49:47,-0300,1217118984,leofn3,Leonardo F. Nascimento,,"@davidlazer Minha turma de #SociologiaDigital est√° lendo o 
Manifesto de Ci√™ncia Social Computacional
 http://dx.doi.org/10.5433/2176-6665.2013v18n1p20¬†‚Ä¶
#UFBA #PPGCS",pt,['davidlazer'],['http://dx.doi.org/10.5433/2176-6665.2013v18n1p20'],[],0,0,0,"['#sociologiadigital', '#ufba', '#ppgcs']",[],https://twitter.com/leofn3/status/714222915697377280,False,,0,,,,,,,"[{'user_id': '1217118984', 'username': 'leofn3'}, {'user_id': '37213193', 'username': 'davidlazer'}]",,,,
710116124407504897,710116124407504897,1458139852000,2016-03-16,11:50:52,-0300,1217118984,leofn3,Leonardo F. Nascimento,,#sociologiadigital  https://twitter.com/nickilisacole/status/710093945187995649¬†‚Ä¶,und,[],['https://twitter.com/nickilisacole/status/710093945187995649'],[],0,0,0,['#sociologiadigital'],[],https://twitter.com/leofn3/status/710116124407504897,False,https://twitter.com/nickilisacole/status/710093945187995649,0,,,,,,,"[{'user_id': '1217118984', 'username': 'leofn3'}]",,,,
704037747477123072,704037747477123072,1456690654000,2016-02-28,17:17:34,-0300,1217118984,leofn3,Leonardo F. Nascimento,,"Precisamos discutir o #scihub no Brasil
#sociologiadigital #digitalsociology @ringo_ring
 http://bjoern.brembs.net/2016/02/sci-hub-as-necessary-effective-civil-disobedience/¬†‚Ä¶",pt,['ringo_ring'],['http://bjoern.brembs.net/2016/02/sci-hub-as-necessary-effective-civil-disobedience/'],[],0,0,0,"['#scihub', '#sociologiadigital', '#digitalsociology']",[],https://twitter.com/leofn3/status/704037747477123072,False,,0,,,,,,,"[{'user_id': '1217118984', 'username': 'leofn3'}, {'user_id': '19336166', 'username': 'ringo_ring'}]",,,,
702501490313846784,702501490313846784,1456324381000,2016-02-24,11:33:01,-0300,1217118984,leofn3,Leonardo F. Nascimento,,#sociologiadigital  https://twitter.com/DrGMLivingston/status/702498240105750528¬†‚Ä¶,und,[],['https://twitter.com/DrGMLivingston/status/702498240105750528'],[],0,0,0,['#sociologiadigital'],[],https://twitter.com/leofn3/status/702501490313846784,False,https://twitter.com/DrGMLivingston/status/702498240105750528,0,,,,,,,"[{'user_id': '1217118984', 'username': 'leofn3'}]",,,,
692219734629171200,692219734629171200,1453873020000,2016-01-27,02:37:00,-0300,1217118984,leofn3,Leonardo F. Nascimento,,#digitalsociology #sociologiadigital #ufba https://twitter.com/lohovska/status/687005994799509506¬†‚Ä¶,und,[],['https://twitter.com/lohovska/status/687005994799509506'],[],0,0,0,"['#digitalsociology', '#sociologiadigital', '#ufba']",[],https://twitter.com/leofn3/status/692219734629171200,False,https://twitter.com/lohovska/status/687005994799509506,0,,,,,,,"[{'user_id': '1217118984', 'username': 'leofn3'}]",,,,
686838042292826112,686838042292826112,1452589924000,2016-01-12,06:12:04,-0300,1217118984,leofn3,Leonardo F. Nascimento,,Novas aquisi√ß√µes:#BigData #mozorov #digitalsociology #sociologiadigital  pic.twitter.com/K6Al4nAXYH,pt,[],[],"['https://pbs.twimg.com/media/CYgjiQgUAAA1rgW.jpg', 'https://pbs.twimg.com/media/CYgjiuIVAAAP07a.jpg', 'https://pbs.twimg.com/media/CYgjjG7UkAAMfE2.jpg', 'https://pbs.twimg.com/media/CYgjjfzU0AAuqAz.jpg']",0,0,0,"['#bigdata', '#mozorov', '#digitalsociology', '#sociologiadigital']",[],https://twitter.com/leofn3/status/686838042292826112,False,,0,,,,,,,"[{'user_id': '1217118984', 'username': 'leofn3'}]",,,,
677877304836526081,677877304836526081,1450453518000,2015-12-18,12:45:18,-0300,159633030,astudillofj,Francisco Astudillo,,Preparando el 2016 #sociologiadigital (@ Facultad Comunicaci√≥n y Letras UDP - @udp_cl)  https://www.swarmapp.com/c/64RB7jsQQ6s¬†,es,['udp_cl'],['https://www.swarmapp.com/c/64RB7jsQQ6s'],[],0,0,1,['#sociologiadigital'],[],https://twitter.com/astudillofj/status/677877304836526081,False,,0,,,,,,,"[{'user_id': '159633030', 'username': 'astudillofj'}, {'user_id': '93021235', 'username': 'udp_cl'}]",,,,
673157408001249280,673157408001249280,1449328207000,2015-12-05,12:10:07,-0300,294107159,mar__carrillo,Mar Carrillo ‚ìÇÔ∏èüì≥,,La gente est√° poniendo a sus hijos nombres de filtros de Instagram #MarketingDigital #SociologiaDigital  http://ow.ly/Vwt5s¬†,es,[],['http://ow.ly/Vwt5s'],[],0,0,6,"['#marketingdigital', '#sociologiadigital']",[],https://twitter.com/Mar__Carrillo/status/673157408001249280,False,,0,,,,,,,"[{'user_id': '294107159', 'username': 'Mar__Carrillo'}]",,,,
664284720411377665,664284720411377665,1447212793000,2015-11-11,00:33:13,-0300,1217118984,leofn3,Leonardo F. Nascimento,,#bigdata #digitalsociology #python #R #ubuntu #sociologiadigital #mediaanalysis #ufba #ppgcs pic.twitter.com/ja1od7lUFX,und,[],[],['https://pbs.twimg.com/media/CTgDTzXW4AEkA4L.jpg'],0,0,1,"['#bigdata', '#digitalsociology', '#python', '#r', '#ubuntu', '#sociologiadigital', '#mediaanalysis', '#ufba', '#ppgcs']",[],https://twitter.com/leofn3/status/664284720411377665,False,,0,,,,,,,"[{'user_id': '1217118984', 'username': 'leofn3'}]",,,,
621326435312103428,621325823669309440,1436970740000,2015-07-15,11:32:20,-0300,1217118984,leofn3,Leonardo F. Nascimento,,@TesauroRaptor P√≥s-gradua√ß√£o Sociologia/UFBA #digitalsociology #sociologiadigital,pt,['tesauroraptor'],[],[],0,0,0,"['#digitalsociology', '#sociologiadigital']",[],https://twitter.com/leofn3/status/621326435312103428,False,,0,,,,,,,"[{'user_id': '1217118984', 'username': 'leofn3'}, {'user_id': '2262455971', 'username': 'TesauroRaptor'}]",,,,
610886785078575105,610886785078575105,1434481733000,2015-06-16,16:08:53,-0300,1217118984,leofn3,Leonardo F. Nascimento,,"Primeiro curso de #SociologiaDigital no #Brasil
First class of #digitalsociology in #Brazil @PPGCS_UFBA @DALupton pic.twitter.com/AtxHODXo7p",en,"['ppgcs_ufba', 'dalupton']",[],['https://pbs.twimg.com/media/CHpOOtLWEAA1gVq.jpg'],0,0,2,"['#sociologiadigital', '#brasil', '#digitalsociology', '#brazil']",[],https://twitter.com/leofn3/status/610886785078575105,False,,0,,,,,,,"[{'user_id': '1217118984', 'username': 'leofn3'}, {'user_id': '157341963', 'username': 'PPGCS_UFBA'}, {'user_id': '596203049', 'username': 'DALupton'}]",,,,
607004396925419520,607004396925419520,1433556100000,2015-06-05,23:01:40,-0300,238340811,aline_batistam,üñ§ Aline no Pa√≠s sem Maravilhas,,Na era da Discrimina√ß√£o Digital #BigData #SociologiaDigital #DigitalSociology  http://outraspalavras.net/destaques/na-era-da-discriminacao-digital/¬†‚Ä¶ @leofn3 @gutogui1,pt,['leofn3'],['http://outraspalavras.net/destaques/na-era-da-discriminacao-digital/'],[],0,1,4,"['#bigdata', '#sociologiadigital', '#digitalsociology']",[],https://twitter.com/aline_batistam/status/607004396925419520,False,,0,,,,,,,"[{'user_id': '238340811', 'username': 'aline_batistam'}, {'user_id': '1217118984', 'username': 'leofn3'}]",,,,
605155433687486464,605155433687486464,1433115273000,2015-05-31,20:34:33,-0300,238340811,aline_batistam,üñ§ Aline no Pa√≠s sem Maravilhas,,"Como estariam Lombroso, Ferri e Garof√°lo em √©pocas de #BigData ?? #crimonologia #sociologia #sociologiadigital",pt,[],[],[],0,0,0,"['#bigdata', '#crimonologia', '#sociologia', '#sociologiadigital']",[],https://twitter.com/aline_batistam/status/605155433687486464,False,,0,,,,,,,"[{'user_id': '238340811', 'username': 'aline_batistam'}]",,,,
585120408355151872,585120408355151872,1428338551000,2015-04-06,13:42:31,-0300,238340811,aline_batistam,üñ§ Aline no Pa√≠s sem Maravilhas,,"Divino Amor: o site de relacionamentos lan√ßou o ""Tinder"" dos evang√©licos - Correio Braziliense #SociologiaDigital  http://www.correiobraziliense.com.br/app/noticia/tecnologia/2015/02/27/interna_tecnologia,473257/divino-amor-o-site-de-relacionamentos-lancou-o-tinder-dos-evangelicos.shtml¬†‚Ä¶",pt,[],"['http://www.correiobraziliense.com.br/app/noticia/tecnologia/2015/02/27/interna_tecnologia,473257/divino-amor-o-site-de-relacionamentos-lancou-o-tinder-dos-evangelicos.shtml']",[],0,0,0,['#sociologiadigital'],[],https://twitter.com/aline_batistam/status/585120408355151872,False,,0,,,,,,,"[{'user_id': '238340811', 'username': 'aline_batistam'}]",,,,
581631530306564096,581631530306564096,1427506737000,2015-03-27,22:38:57,-0300,238340811,aline_batistam,üñ§ Aline no Pa√≠s sem Maravilhas,,Pesquisa revela preocupa√ß√£o de internautas c/ vigil√¢ncia na net  http://spr.ly/60152Z4z¬† #UnfollowMe  pic.twitter.com/BwV0T5kmF9 #SociologiaDigital,pt,[],['http://spr.ly/60152Z4z'],['https://pbs.twimg.com/media/CAY0-ZtWMAAUVCD.jpg'],0,1,0,"['#unfollowme', '#sociologiadigital']",[],https://twitter.com/aline_batistam/status/581631530306564096,False,,0,,,,,,,"[{'user_id': '238340811', 'username': 'aline_batistam'}]",,,,
578582083888623616,578582083888623616,1426779692000,2015-03-19,12:41:32,-0300,238340811,aline_batistam,üñ§ Aline no Pa√≠s sem Maravilhas,,"""Se o pensamento ofende, ent√£o algo fede""  http://shar.es/1fKAdW¬† via @chronicle #SociologiaDigital @leofn3 @natashasul13 @gutogui1",pt,"['chronicle', 'leofn3', 'natashasul13']",['http://shar.es/1fKAdW'],[],0,0,1,['#sociologiadigital'],[],https://twitter.com/aline_batistam/status/578582083888623616,False,,0,,,,,,,"[{'user_id': '238340811', 'username': 'aline_batistam'}, {'user_id': '12413032', 'username': 'chronicle'}, {'user_id': '1217118984', 'username': 'leofn3'}, {'user_id': '3067733987', 'username': 'natashasul13'}]",,,,
578052261907079168,578052261907079168,1426653373000,2015-03-18,01:36:13,-0300,1217118984,leofn3,Leonardo F. Nascimento,,@astudillofj: listado de herramientas de visualizacion de datos para cambiar el mundo :)  #ict4d #sociologiadigital‚Ä¶ http://lnkd.in/bVc96Yu¬†,es,['astudillofj'],['http://lnkd.in/bVc96Yu'],[],1,1,1,"['#ict4d', '#sociologiadigital']",[],https://twitter.com/leofn3/status/578052261907079168,False,,0,,,,,,,"[{'user_id': '1217118984', 'username': 'leofn3'}, {'user_id': '159633030', 'username': 'astudillofj'}]",,,,
576157268514906112,576157268514906112,1426201571000,2015-03-12,20:06:11,-0300,238340811,aline_batistam,üñ§ Aline no Pa√≠s sem Maravilhas,,Big data: como a pol√≠cia pode prever crimes  http://jus.com.br/artigos/36752/o-big-data-e-o-policiamento-preditivo¬†‚Ä¶ via @jusnavigandi #sociologiadigital @leofn3 @gutogui1 @natashasul13,pt,"['jusnavigandi', 'leofn3', 'natashasul13']",['http://jus.com.br/artigos/36752/o-big-data-e-o-policiamento-preditivo'],[],0,1,2,['#sociologiadigital'],[],https://twitter.com/aline_batistam/status/576157268514906112,False,,0,,,,,,,"[{'user_id': '238340811', 'username': 'aline_batistam'}, {'user_id': '823638433218359297', 'username': 'jusnavigandi'}, {'user_id': '1217118984', 'username': 'leofn3'}, {'user_id': '3067733987', 'username': 'natashasul13'}]",,,,
1291041273332117512,1291041273332117512,1596643200000,2020-08-05,13:00:00,-0300,2381578122,samsung,Samsung Electronics,,Samsung‚Äôs newest premium smartwatch makes expressing your style and managing your health and your #SamsungGalaxy devices simple and seamless #GalaxyWatch3 https://news.samsung.com/global/infographic-an-up-close-look-at-the-galaxy-watch3?utm_source=nr_twitter&utm_medium=social¬†‚Ä¶,en,[],['https://news.samsung.com/global/infographic-an-up-close-look-at-the-galaxy-watch3?utm_source=nr_twitter&utm_medium=social'],[],28,236,3436,"['#samsunggalaxy', '#galaxywatch3']",[],https://twitter.com/Samsung/status/1291041273332117512,False,,0,,,,,,,"[{'user_id': '2381578122', 'username': 'Samsung'}]",,,,
574906892843139072,574906892843139072,1425903459000,2015-03-09,09:17:39,-0300,1217118984,leofn3,Leonardo F. Nascimento,,"RT @Julian0Bro: @DALupton: #DigitalSociology is not only about internet, but also the devices we use. #sociologiadigital",en,['dalupton'],[],[],0,0,0,"['#digitalsociology', '#sociologiadigital']",[],https://twitter.com/leofn3/status/574906892843139072,False,,0,,,,,,,"[{'user_id': '1217118984', 'username': 'leofn3'}, {'user_id': '596203049', 'username': 'DALupton'}]",,,,
574893613022380032,574893613022380032,1425900293000,2015-03-09,08:24:53,-0300,1217118984,leofn3,Leonardo F. Nascimento,,"@natashasul13 @Naira_Antrop @gutogui1 @alinebatistaadv @izabelxavier  http://youtu.be/mmQl6VGvX-c¬†
#semanticweb #sociologiadigital",und,"['natashasul13', 'naira_antrop', 'izabelxavier']",['http://youtu.be/mmQl6VGvX-c'],[],0,0,0,"['#semanticweb', '#sociologiadigital']",[],https://twitter.com/leofn3/status/574893613022380032,False,,0,,,,,,,"[{'user_id': '1217118984', 'username': 'leofn3'}, {'user_id': '3067733987', 'username': 'natashasul13'}, {'user_id': '3066302674', 'username': 'Naira_Antrop'}, {'user_id': '130003983', 'username': 'izabelxavier'}]",,,,
573907597763411968,573907597763411968,1425665208000,2015-03-06,15:06:48,-0300,1217118984,leofn3,Leonardo F. Nascimento,,"@plevy: Ciencias sociales y humanidades digitales en latinoamerica
 http://ln.is/www.scoop.it/t/digit/FDkLg¬†‚Ä¶ #plevycom
#digitalsociology #sociologiadigital",es,['plevy'],['http://ln.is/www.scoop.it/t/digit/FDkLg'],[],0,0,0,"['#plevycom', '#digitalsociology', '#sociologiadigital']",[],https://twitter.com/leofn3/status/573907597763411968,False,,0,,,,,,,"[{'user_id': '1217118984', 'username': 'leofn3'}, {'user_id': '17177403', 'username': 'plevy'}]",,,,
573141322074337281,573141322074337281,1425482514000,2015-03-04,12:21:54,-0300,238340811,aline_batistam,üñ§ Aline no Pa√≠s sem Maravilhas,,"Semin√°rio de M√≠dias Sociais, Educa√ß√£o e Subjetividade PPGEduc-UNEB 23-03-15.  http://semidias.blogspot.com.br/¬† #sociologiadigital #cisoufbadigital",pt,[],['http://semidias.blogspot.com.br/'],[],0,1,1,"['#sociologiadigital', '#cisoufbadigital']",[],https://twitter.com/aline_batistam/status/573141322074337281,False,,0,,,,,,,"[{'user_id': '238340811', 'username': 'aline_batistam'}]",,,,
572522948298477568,572522948298477568,1425335082000,2015-03-02,19:24:42,-0300,1217118984,leofn3,Leonardo F. Nascimento,,"@BSADigitalSoc: ""Digital Futures & Big Data""  https://www.youtube.com/watch?v=zdvhZNRbUdg&feature=youtu.be¬†‚Ä¶ #digitalsociology #sociologiadigital #UFBA #ppgcs",tl,['bsadigitalsoc'],['https://www.youtube.com/watch?v=zdvhZNRbUdg&feature=youtu.be'],[],0,1,1,"['#digitalsociology', '#sociologiadigital', '#ufba', '#ppgcs']",[],https://twitter.com/leofn3/status/572522948298477568,False,,0,,,,,,,"[{'user_id': '1217118984', 'username': 'leofn3'}, {'user_id': '1076691588', 'username': 'BSADigitalSoc'}]",,,,
572218193986641921,572218193986641921,1425262423000,2015-03-01,23:13:43,-0300,1217118984,leofn3,Leonardo F. Nascimento,,Quatro compras com o cart√£o bastam para identificar qualquer pessoa  http://brasil.elpais.com/brasil/2015/01/29/ciencia/1422520042_066660.html¬†‚Ä¶ #digitalsociology #sociologiadigital,pt,[],['http://brasil.elpais.com/brasil/2015/01/29/ciencia/1422520042_066660.html'],[],0,0,0,"['#digitalsociology', '#sociologiadigital']",[],https://twitter.com/leofn3/status/572218193986641921,False,,0,,,,,,,"[{'user_id': '1217118984', 'username': 'leofn3'}]",,,,
560244810783928320,560244810783928320,1422407746000,2015-01-27,22:15:46,-0300,1217118984,leofn3,Leonardo F. Nascimento,,Lendo o livro de #sociologiadigital e encontro isso. Reading the book of @DALupton #digitalsociology and I find this:  http://lunasleep.com/¬†,en,['dalupton'],['http://lunasleep.com/'],[],0,0,1,"['#sociologiadigital', '#digitalsociology']",[],https://twitter.com/leofn3/status/560244810783928320,False,,0,,,,,,,"[{'user_id': '1217118984', 'username': 'leofn3'}, {'user_id': '596203049', 'username': 'DALupton'}]",,,,
558028659593080832,558027828126830593,1421879374000,2015-01-21,19:29:34,-0300,1217118984,leofn3,Leonardo F. Nascimento,,@MidiaNINJA #NovoSiteMST  Se fosse no s√©culo passado eu at√© concordaria... mas nos dias atuais isso est√°  ultrapassado #SociologiaDigital,pt,['midianinja'],[],[],0,0,0,"['#novositemst', '#sociologiadigital']",[],https://twitter.com/leofn3/status/558028659593080832,False,,0,,,,,,,"[{'user_id': '1217118984', 'username': 'leofn3'}, {'user_id': '1540034828', 'username': 'MidiaNINJA'}]",,,,
557000508226170881,557000508226170881,1421634244000,2015-01-18,23:24:04,-0300,1217118984,leofn3,Leonardo F. Nascimento,,"Ent√£o seu #algoritmo  √© racialmente tendencioso?
So is their #algorithm racially biased? #sociologiadigital #BigData  http://www.slate.com/articles/technology/bitwise/2015/01/black_box_society_by_frank_pasquale_a_chilling_vision_of_how_big_data_has.html¬†‚Ä¶",pt,[],['http://www.slate.com/articles/technology/bitwise/2015/01/black_box_society_by_frank_pasquale_a_chilling_vision_of_how_big_data_has.html'],[],0,4,1,"['#algoritmo', '#algorithm', '#sociologiadigital', '#bigdata']",[],https://twitter.com/leofn3/status/557000508226170881,False,,0,,,,,,,"[{'user_id': '1217118984', 'username': 'leofn3'}]",,,,
468697000947777536,468697000947777536,1400581047000,2014-05-20,07:17:27,-0300,239630080,axialbis,Asier Albistur,,"Interesante documento ""@Retiario: En qu√© conf√≠a y en qu√© no la gente en Internet.  http://www3.weforum.org/docs/WEF_InternetTrustBubble_Report2_2014.pdf¬†‚Ä¶ #sociologiadigital""",es,['retiario'],['http://www3.weforum.org/docs/WEF_InternetTrustBubble_Report2_2014.pdf'],[],0,0,0,['#sociologiadigital'],[],https://twitter.com/axialbis/status/468697000947777536,False,,0,,,,,,,"[{'user_id': '239630080', 'username': 'axialbis'}, {'user_id': '169962449', 'username': 'Retiario'}]",,,,
468676180972150784,468676180972150784,1400576083000,2014-05-20,05:54:43,-0300,169962449,retiario,"Retiario, hace ocho a√±os",,En qu√© conf√≠a y en qu√© no la gente en Internet.  http://www3.weforum.org/docs/WEF_InternetTrustBubble_Report2_2014.pdf¬†‚Ä¶ #sociologiadigital,es,[],['http://www3.weforum.org/docs/WEF_InternetTrustBubble_Report2_2014.pdf'],[],0,1,1,['#sociologiadigital'],[],https://twitter.com/Retiario/status/468676180972150784,False,,0,,,,,,,"[{'user_id': '169962449', 'username': 'Retiario'}]",,,,
461559976012439552,461559976012439552,1398879448000,2014-04-30,14:37:28,-0300,159633030,astudillofj,Francisco Astudillo,,Un interesante listado de herramientas de visualizacion de datos para cambiar el mundo :)  #ict4d #sociologiadigital‚Ä¶ http://lnkd.in/bVc96Yu¬†,es,[],['http://lnkd.in/bVc96Yu'],[],0,1,2,"['#ict4d', '#sociologiadigital']",[],https://twitter.com/astudillofj/status/461559976012439552,False,,0,,,,,,,"[{'user_id': '159633030', 'username': 'astudillofj'}]",,,,
453531474285694976,453531474285694976,1396965304000,2014-04-08,10:55:04,-0300,159633030,astudillofj,Francisco Astudillo,,"La ""Internet de las cosas"" es algo que ya est√° ocurriendo y solo aumentara de tama√±o #sociologiadigital  http://lnkd.in/bE7h4g9¬†",es,[],['http://lnkd.in/bE7h4g9'],[],0,0,1,['#sociologiadigital'],[],https://twitter.com/astudillofj/status/453531474285694976,False,,0,,,,,,,"[{'user_id': '159633030', 'username': 'astudillofj'}]",,,,
407758235895336960,407758235895336960,1386052113000,2013-12-03,03:28:33,-0300,537819999,unabomber_p,Theodore Kaczynski,,RT @antroposdigital: Digital Humanities but No Digital Sociology - @mark_carrigan #digitalsociology #sociologiadigital......,ca,['mark_carrigan'],[],[],0,0,0,"['#digitalsociology', '#sociologiadigital']",[],https://twitter.com/UNABOMBER_P/status/407758235895336960,False,,0,,,,,,,"[{'user_id': '537819999', 'username': 'UNABOMBER_P'}, {'user_id': '1256341960924770305', 'username': 'mark_carrigan'}]",,,,
407758235136176128,407758235136176128,1386052113000,2013-12-03,03:28:33,-0300,1155214518,antro_netgrafia,Antropologo 3.0,,RT @antroposdigital: Digital Humanities but No Digital Sociology - @mark_carrigan #digitalsociology #sociologiadigital......,ca,['mark_carrigan'],[],[],0,0,0,"['#digitalsociology', '#sociologiadigital']",[],https://twitter.com/antro_netgrafia/status/407758235136176128,False,,0,,,,,,,"[{'user_id': '1155214518', 'username': 'antro_netgrafia'}, {'user_id': '1256341960924770305', 'username': 'mark_carrigan'}]",,,,
407698602832965632,407698602832965632,1386037896000,2013-12-02,23:31:36,-0300,352755998,medianthropos,Media Anthropology,,Digital Humanities but No Digital Sociology - @mark_carrigan #digitalsociology #sociologiadigital...  http://fb.me/2f8Y1q6gn¬†,ca,['mark_carrigan'],['http://fb.me/2f8Y1q6gn'],[],0,0,1,"['#digitalsociology', '#sociologiadigital']",[],https://twitter.com/medianthropos/status/407698602832965632,False,,0,,,,,,,"[{'user_id': '352755998', 'username': 'medianthropos'}, {'user_id': '1256341960924770305', 'username': 'mark_carrigan'}]",,,,
406607487132250112,406607487132250112,1385777753000,2013-11-29,23:15:53,-0300,352755998,medianthropos,Media Anthropology,,Digial Sociology. What is it? Where is it? What does it do? #digitalsociology #sociologiadigital @dalupton...  http://fb.me/2zLL4SzdG¬†,en,['dalupton'],['http://fb.me/2zLL4SzdG'],[],0,0,2,"['#digitalsociology', '#sociologiadigital']",[],https://twitter.com/medianthropos/status/406607487132250112,False,,0,,,,,,,"[{'user_id': '352755998', 'username': 'medianthropos'}, {'user_id': '596203049', 'username': 'DALupton'}]",,,,
400974955392684032,400974955392684032,1384434853000,2013-11-14,10:14:13,-0300,159633030,astudillofj,Francisco Astudillo,,¬øEs posible medir la correlaci√≥n entre los sentimientos sociales y la evoluci√≥n del mercado? #sociologiadigital  http://lnkd.in/bVf2iQy¬†,es,[],['http://lnkd.in/bVf2iQy'],[],0,0,0,['#sociologiadigital'],[],https://twitter.com/astudillofj/status/400974955392684032,False,,0,,,,,,,"[{'user_id': '159633030', 'username': 'astudillofj'}]",,,,
370591472740872192,370591472740872192,1377190867000,2013-08-22,14:01:07,-0300,1683117648,sociologdigital,sociologiadigital,,Algunas aplicaciones de la #SociologiaDigital para la planificaci√≥n urbana  http://wp.me/p1rKYJ-1X¬† #SmartCitiesChile,es,[],['http://wp.me/p1rKYJ-1X'],[],0,0,0,"['#sociologiadigital', '#smartcitieschile']",[],https://twitter.com/sociologdigital/status/370591472740872192,False,,0,,,,,,,"[{'user_id': '1683117648', 'username': 'sociologdigital'}]",,,,
370283698270121984,370283698270121984,1377117487000,2013-08-21,17:38:07,-0300,1683117648,sociologdigital,sociologiadigital,,Crisis familiar: adicci√≥n gamer vs mam√°  I que buen caso @lajuezachv #LAJUEZA #sociologiadigital,es,['lajuezachv'],[],[],0,1,0,"['#lajueza', '#sociologiadigital']",[],https://twitter.com/sociologdigital/status/370283698270121984,False,,0,,,,,,,"[{'user_id': '1683117648', 'username': 'sociologdigital'}, {'user_id': '308563809', 'username': 'lajuezachv'}]",,,,
